acq_date,apco_rev_post,apco_rev_repro,auco_rev_veg,awco_rev,awpr_repro,blco_rev_veg,blpub_veg,blsco_rev_veg,box_code,cco_rev_veg,cnthph,cntnull,cntrep,cntveg,country_origin,cropyear,cuan_repro,cudi_code_repro,cudi_repro,cult_code_repro,cult_repro,cuno_code_repro,cuno_repro,cust_repro,date_head_1stflow,date_head_80,date_seed,date_update,dna_gid,endo,fla_repro,grlt,grwd,grwt100,gs_accno,hdg_80head,inco_rev_repro,iris_unique_id,la,ligco_rev_veg,liglt,ligsh,llt,llt_code,lpco_rev_post,lppub,lsen,lwd,mls_proc,noco_rev,ori_country,pa_repro,pex_repro,plt_code_post,plt_post,pop_code,psh,pth,pty,scco_rev,sdht,sdht_code,second_br_repro,slco_rev,sllt_code,sound_reid,sound_var,source_accno,species_coll,species_reid,spkf,spp_code,ss_country,ss_station,status_acc,subpopulation,subpopulation_v2,variety_gid,variety_type,wcnthph,wcntnull,wcntrep,wcntveg
Acqusition date (DD-MON-YYYY),Apiculus color at post-harvest,Apiculus color at reproductive,Auricle color at vegetative,Awn color,Awn presence at reproductive,Blade color at vegetative,Blade pubescence at vegetative,Basal leafsheath color at vegetative,ID assigned to DNA.,Collar color at vegetative - cultivated,GRIMS Morpho-Agron data field,GRIMS Morpho-Agron data field,GRIMS Morpho-Agron data field,GRIMS Morpho-Agron data field,Country of origin (ISO Standard),Crop Year,Culm angle at reproductive,Culm diam. of basal internode at reproductive,Culm diameter (mm) of basal internode at repro.,Culm length at reproductive,Culm length (cm) at reproductive,Culm number (code) at reproductive - cultivated,Culm number (count) at reproductive - cultivated,Culm strength at reproductive - cultivated,Date at first flowering,Date when plants are 80% fully headed-cultivated,Date of seeding,GRIMS Morpho-Agron data field,GID assigned to the individual plant where the genomic dna for resequencing was isolated.,Endosperm type,Flag leaf angle at reproductive - cultivated,Grain length (mm),Grain Width(mm),100-grain weight (gm) - cultivated,GS Accession Number,Heading (days to 80% fully headed) - cultivated,Internode color at reproductive - cultivated,Unique ID assigned by the International Rice Information System.,Leaf angle - cultivated,Ligule color at vegetative - cultivated,Ligule length (mm) - cultivated,Ligule shape,Leaf length (cm) - cultivated,Leaf length - cultivated,Lemma and palea color at post-harvest,Lemma and palea pubescence,Leaf senescence,Leaf width (cm) - cultivated,Current status of accession in relation to agreement with the Governing Body of the International Treaty on Plant Genetic Resources for Food and Agriculture,Node color,Source Country,Panicle axis at reproductive,Panicle exsertion at reproductive,Panicle length at post-harvest,Panicle length (cm) at post-harvest,Sub-population within a sample,Panicle shattering,Panicle threshability,Panicle type,Sead coat color,Seedling height (cm),Seedling height,Secondary branching at reproductive,Sterile lemma color,Sterile lemma length,Reid Soundex code,Varname soundex code,IRGC Accession number,Scientific name given by collector/donor,Scientific name,Spikelet fertility,Species code,Donating country,Donating institute/station,Status of germplasm,subpopulation (variety grouping),subpopulation (version 2),GID assigned to the rice variety.,variety group,GRIMS Morpho-Agron data field,GRIMS Morpho-Agron data field,GRIMS Morpho-Agron data field,GRIMS Morpho-Agron data field
2011-05-01 00:00:00,,80,80,,,60,3,84,AY31,80,12,35,17,6,Indonesia,,7,2,6,5,130,2,20,9,,,,,3364122,1,5,9.7,2.8,2.7,127098,118,60,IRIS 313-10550,,80,15,,65,4,20,,9,1.6,Y,,,,1,4,33,A,,5,9,10,26,1,,,5,O.SDB,221B36-1-1-1-1::RGC7585-1,6865,O. sativa,O. sativa,3,S,PHL,288,AV,indx,indx,4056479,Indica,8,18,7,3
2011-05-01 00:00:00,,80,80,,,60,3,80,AY47,80,12,35,17,6,Indonesia,,7,2,5,5,114,3,25,1,,,,,3364106,1,5,9.4,3.1,2.7,127099,127,80,IRIS 313-10566,,80,16,,52,3,20,,9,1.3,Y,,,,1,3,29,A,,5,9,10,36,2,,,5,O.SDB,221C391-1-3-3::RGC7600-1,7600,O. sativa,O. sativa,3,S,PHL,288,AV,ind3,indx,4056478,Indica,8,18,7,3
2011-05-01 00:00:00,70,80,80,,,86,3,84,AT49,80,15,44,21,8,Indonesia,1996WS,1,2,5,7,114,2,25,3,1996-10-16 00:00:00,1996-10-19 00:00:00,1996-06-05 00:00:00,,3362647,1,1,9.1,3.1,2.5,131962,136,80,IRIS 313-12027,5,84,16,2,52,4,54,4,5,1.3,Y,60,,2,1,4,29,A,1,5,7,70,36,3,1,80,3,O.SDB,221C391-1-3-3::RGC7600-1,80233,O. sativa,O. sativa,3,S,PHL,288,AV,ind3,ind3,4056478,Indica,9,21,9,3
2011-05-01 00:00:00,70,10,61,,,60,3,60,BA51,60,12,36,18,6,Indonesia,1996WS,3,2,5,6,140,2,12,9,1996-10-16 00:00:00,1996-10-19 00:00:00,1996-06-05 00:00:00,,3363914,1,3,9.5,3.9,2.8,132386,77,60,IRIS 313-10758,5,11,16,2,50,3,90,4,1,1.6,Y,60,,2,1,3,24,A,1,1,5,80,61,3,1,20,3,O.SDB,221C391-1-3-3::RGC7600-1,17142,O. sativa,O. sativa,3,S,PHL,288,AV,trop,trop1,4056478,Tropical japonica,8,18,7,3
2011-05-01 00:00:00,70,10,61,,,60,3,60,AH85,60,12,36,18,6,Indonesia,1996WS,3,2,6,6,140,2,12,9,1996-10-16 00:00:00,1996-10-19 00:00:00,1996-06-05 00:00:00,,3304929,1,5,8.7,2.9,2.3,132386,134,60,IRIS 313-8922,5,11,28,2,82,5,54,4,1,1.9,Y,60,,2,1,4,31,A,1,5,5,10,25,1,1,20,3,O.SDB,221C391-1-3-3::RGC7600-1,24532,O. sativa,O. sativa,3,S,PHL,288,AV,ind2,ind2,4056478,Indica,8,18,7,3
2011-05-01 00:00:00,70,80,61,40,5,63,3,84,BA31,60,12,36,18,6,Indonesia,1996WS,1,2,5,6,146,2,10,1,1996-10-16 00:00:00,1996-10-19 00:00:00,1996-06-05 00:00:00,,3363934,1,5,7.4,3.2,2.6,131965,106,60,IRIS 313-10738,5,11,24,2,74,4,20,4,1,2.1,Y,60,,2,1,4,34,A,1,1,1,10,35,2,1,20,3,O.SDB,221C391-1-3-3::RGC7600-1,16339,O. sativa,O. sativa,3,S,PHL,288,AV,admx,admix,4056478,Intermediate type,8,18,7,3
2012-05-01 00:00:00,70,10,61,20,5,60,3,60,BA52,60,12,36,18,6,Indonesia,1996WS,3,2,5,4,94,2,13,9,1996-10-16 00:00:00,1996-10-19 00:00:00,1996-06-05 00:00:00,,3363913,1,5,9.6,3.3,2.7,127927,127,60,IRIS 313-10759,5,11,20,2,61,4,20,4,1,1.2,Y,60,,2,1,4,33,A,1,5,5,10,50,2,1,20,3,O.SDB,AMDL::RGC17153-2,17153,O. sativa,O. sativa,3,S,PHL,288,AV,trop,trop1,4055189,Japonica,8,18,7,3
2011-05-01 00:00:00,70,20,61,20,5,63,1,60,AN76,61,14,42,20,8,Indonesia,1996WS,1,1,4,5,111,2,13,1,1996-10-16 00:00:00,1996-10-19 00:00:00,1996-06-05 00:00:00,,3363177,1,5,8.7,3.4,3.1,128217,89,60,IRIS 313-11495,4,11,14,2,50,3,20,1,1,1.2,Y,60,,2,3,3,25,A,1,5,5,10,26,1,1,20,3,O.SDB,AM::RGC54140-1,54140,O. sativa,O. sativa,1,S,PHL,288,AV,trop,trop1,4056026,Japonica,9,21,9,3
1978-07-31 00:00:00,70,20,61,20,5,60,3,60,AC34,61,14,42,20,8,Indonesia,1996WS,2,2,5,6,143,2,15,1,1996-10-16 00:00:00,1996-10-19 00:00:00,1996-06-05 00:00:00,,3305060,1,5,8.6,2.7,1.8,117423,120,60,IRIS 313-8791,2,11,28,2,59,3,20,2,1,1.5,Y,60,IDN,2,1,3,25,A,1,9,5,10,51,2,1,20,3,O.SDB,AM::RGC54140-1,43322,O. sativa,O. sativa,3,S,IDN,004,AV,ind3,ind3,345037,Indica,9,21,9,3
2012-05-01 00:00:00,70,10,61,20,5,60,3,60,BD9,60,12,36,18,6,Indonesia,1996WS,3,1,4,6,133,2,13,9,1996-10-16 00:00:00,1996-10-19 00:00:00,1996-06-05 00:00:00,,3363677,1,5,7.8,3.1,2.6,127976,117,60,IRIS 313-10995,2,11,28,2,73,4,20,2,1,1.4,Y,60,IDN,2,1,3,26,A,1,9,5,10,32,2,1,20,3,O.SDB,ASBCLMF::RGC26988-2,26988,O. sativa,O. sativa,3,S,PHL,288,AV,ind3,ind3,4055111,Indica,8,18,7,3
2011-05-01 00:00:00,70,10,61,20,5,63,3,60,BC57,60,12,35,17,6,Indonesia,1996WS,3,2,5,6,131,2,12,9,1996-10-16 00:00:00,1996-10-19 00:00:00,1996-06-05 00:00:00,,3363722,2,5,8.5,3.3,2.5,127174,103,60,IRIS 313-10950,2,11,25,2,77,4,80,2,1,1.5,Y,60,IDN,2,1,3,25,A,1,1,5,80,18,1,1,80,3,O.SDB,ASFLBLMG::RGC25171-1,25171,O. sativa,O. sativa,3,S,PHL,288,AV,trop,trop1,4056267,Japonica,8,18,7,3
2011-05-01 00:00:00,70,10,61,20,5,60,3,60,BA53,60,12,36,18,6,Indonesia,1996WS,3,1,4,5,129,2,12,1,1996-10-16 00:00:00,1996-10-19 00:00:00,1996-06-05 00:00:00,,3363912,1,5,8.4,3.1,1.9,127174,112,60,IRIS 313-10760,2,11,24,2,61,4,20,2,1,1.6,Y,60,IDN,2,7,3,26,A,1,9,5,10,30,2,1,20,3,O.SDB,ASFLBLMG::RGC25171-1,17174,O. sativa,O. sativa,3,S,PHL,288,AV,ind3,ind3,4056267,Indica,8,18,7,3
2011-05-01 00:00:00,70,20,61,20,5,60,3,60,AP51,61,14,42,20,8,Indonesia,1996WS,1,1,4,4,105,2,16,3,1996-10-16 00:00:00,1996-10-19 00:00:00,1996-06-05 00:00:00,,3363016,1,5,8.7,2.5,2.5,127196,88,60,IRIS 313-11656,2,11,19,2,43,3,54,2,7,1.2,Y,60,IDN,2,1,3,24,A,1,1,5,10,29,1,1,20,3,O.SDB,B3913B16-20SD28::RGC63099-1,63099,O. sativa,O. sativa,1,S,PHL,288,AV,indx,indx,4055881,Indica,9,21,9,3
2010-11-01 00:00:00,20,60,62,20,5,60,3,60,AI77,61,14,42,20,8,Indonesia,2009WS,1,1,6.4,4,111,2,15,9,2009-09-30 00:00:00,2009-10-05 00:00:00,2009-06-17 00:00:00,2014-07-14 16:53:23.623606,3303519,1,3,8.5,2.6,2.4,126044,107,60,IRIS 313-10332,1,11,17,3,43.6,3,20,4,7,1.6,Y,60,IDN,4,7,3,28.2,A,1,3,5,10,35,1,1,20,3,O.SDB,B4414F-MR-6-3::RGC117310-1,117310,O. sativa,O. sativa,4,S,PHL,288,AV,indx,indx,3058873,Indica,9,21,9,3
2010-05-01 00:00:00,20,60,62,20,5,60,3,60,AD10,61,14,42,20,8,Indonesia,2009WS,1,1,4.6,4,86,2,20,9,2009-09-07 00:00:00,2009-09-11 00:00:00,2009-06-17 00:00:00,2014-07-14 16:53:23.720627,3303517,1,3,7.9,2.8,2.4,125952,84,60,IRIS 313-10334,1,11,17,3,41,3,20,4,7,1.5,Y,60,IDN,3,5,3,24.8,A,1,3,5,10,37,1,1,20,3,O.SDB,B6136-3-DB-0-1-5::RGC117311-1,117311,O. sativa,O. sativa,4,S,PHL,288,AV,indx,ind1B,3058871,Indica,9,21,9,3
2010-05-01 00:00:00,20,60,62,20,5,60,3,60,AD09,61,14,42,20,8,Indonesia,2009WS,1,1,5.7,4,86,2,20,9,2009-09-07 00:00:00,2009-09-11 00:00:00,2009-06-17 00:00:00,2014-07-14 16:53:23.805221,3303518,1,3,7.7,2.8,2.4,125951,84,60,IRIS 313-10333,1,11,17,3,43.2,3,20,4,7,1.4,Y,60,IDN,3,5,3,23.6,A,1,3,5,10,36,1,1,20,3,O.SDB,B6136-3-DB-0-1-5::RGC117312-1,117312,O. sativa,O. sativa,4,S,PHL,288,AV,indx,ind1B,3058872,Indica,9,21,9,3
2010-05-01 00:00:00,80,80,62,20,5,60,3,81,AD11,61,14,42,20,8,Indonesia,2009WS,1,1,6,4,116,2,11,7,2009-09-18 00:00:00,2009-09-22 00:00:00,2009-06-17 00:00:00,2014-07-14 16:53:24.065674,3303514,1,7,8.4,2.9,2.7,125953,95,41,IRIS 313-10337,1,84,19,3,45,3,54,4,7,1.5,Y,60,IDN,4,9,3,23.2,A,1,3,5,10,49,1,1,20,3,O.SDB,B6149F-MR-7::RGC117314-1,117314,O. sativa,O. sativa,4,S,PHL,288,AV,ind3,indx,3058868,Indica,9,21,9,3
2012-05-01 00:00:00,80,20,61,20,5,60,3,60,BF67,61,14,42,20,8,Indonesia,2009WS,2,1,4,5,121,2,14,1,2009-09-18 00:00:00,2009-09-22 00:00:00,2009-06-17 00:00:00,2014-07-14 16:53:24.065674,3363433,1,5,10.3,2.9,2.5,127978,94,60,IRIS 313-11239,2,11,18,2,59,3,20,2,1,1.4,Y,60,IDN,2,5,3,28,A,3,6,5,10,40,2,1,20,3,O.SDB,B737G-CM-23-1::RGC39203-2,39203,O. sativa,O. sativa,1,S,PHL,288,AV,indx,indx,4055006,Indica,9,21,9,3
2009-11-01 00:00:00,80,10,61,20,5,60,3,60,AD82,60,12,35,17,6,Indonesia,2009WS,1,2,5,5,112,3,25,9,2009-09-18 00:00:00,2009-09-22 00:00:00,2009-06-17 00:00:00,2014-07-14 16:53:24.065674,3305005,1,5,8.7,3.1,2.8,125668,116,60,IRIS 313-8846,2,11,18,2,59,3,20,2,9,1.5,Y,60,IDN,2,1,3,30,A,3,5,9,10,20,1,1,20,5,O.SDB,BMG6::RGC6129-1,6129,O. sativa,O. sativa,3,S,PHL,288,AV,ind2,indx,3059707,Indica,8,18,7,3
2009-11-01 00:00:00,20,20,61,20,5,60,3,60,AI03,61,15,44,21,8,Indonesia,1996WS,3,2,5,6,112,3,25,3,1996-11-13 00:00:00,1996-11-16 00:00:00,1996-06-05 00:00:00,2014-07-14 16:53:24.065674,3304734,1,5,8.3,2.7,2.2,131931,164,41,IRIS 313-9117,1,11,18,2,59,4,54,4,3,1.5,Y,60,IDN,2,1,3,30,A,3,9,5,10,20,2,1,20,3,O.SDB,BMG6::RGC6129-1,17186,O. sativa,O. sativa,3,S,PHL,288,AV,ind3,ind3,3059707,Indica,9,21,9,3
2011-05-01 00:00:00,20,80,61,20,5,85,3,84,BD10,60,12,36,18,6,Indonesia,1996WS,3,1,4,4,101,3,25,7,1996-11-13 00:00:00,1996-11-16 00:00:00,1996-06-05 00:00:00,2014-07-14 16:53:24.065674,3363676,1,3,9.7,2.9,2.4,127204,89,60,IRIS 313-10996,1,80,18,2,47,3,20,4,1,1.3,Y,60,IDN,2,1,3,24,A,3,9,9,10,29,1,1,20,3,O.SDB,BCS::RGC27074-1,27074,O. sativa,O. sativa,3,S,PHL,288,AV,ind3,indx,4056245,Indica,8,18,7,3
2012-05-01 00:00:00,20,20,61,52,9,63,3,60,BA54,60,14,42,20,8,Indonesia,1996WS,3,2,5,6,148,3,21,3,1996-11-13 00:00:00,1996-11-16 00:00:00,1996-06-05 00:00:00,2014-07-14 16:53:24.065674,3363911,1,5,8.5,3.4,3.1,127984,116,60,IRIS 313-10761,1,11,18,2,70,4,20,3,5,1.9,Y,60,IDN,2,1,4,31,A,1,2,5,10,52,2,1,20,3,O.SDB,BLCSM::RGC17201-2,17201,O. sativa,O. sativa,3,S,PHL,288,AV,trop,trop1,4055188,Japonica,9,21,9,3
2012-05-01 00:00:00,20,80,61,80,9,63,3,84,AN77,61,14,42,20,8,Indonesia,1996WS,5,2,6,4,107,2,13,5,1996-11-13 00:00:00,1996-11-16 00:00:00,1996-06-05 00:00:00,2014-07-14 16:53:24.065674,3363176,1,7,9.2,3.3,3.3,131969,120,84,IRIS 313-11496,3,11,15,2,56,3,20,3,3,1.9,Y,60,IDN,2,1,3,30,A,1,1,6,10,38,2,1,20,3,O.SDB,BLCSM::RGC17201-2,54158,O. sativa,O. sativa,5,S,PHL,288,AV,trop,trop1,4055188,Indica,9,21,9,3
2012-05-01 00:00:00,20,10,61,80,9,60,3,60,BC49,60,12,36,18,6,Indonesia,1996WS,3,1,4,4,105,2,20,1,1996-11-13 00:00:00,1996-11-16 00:00:00,1996-06-05 00:00:00,2014-07-14 16:53:24.065674,3363730,1,1,8.9,2.9,2.3,127987,120,60,IRIS 313-10942,3,11,18,2,49,3,54,3,1,1.5,Y,60,IDN,2,7,3,25,A,1,5,5,10,15,1,1,20,3,O.SDB,BMDMGBMGCLM::RGC24697-2,24697,O. sativa,O. sativa,3,S,PHL,288,AV,ind3,ind3,4055130,Indica,8,18,7,3
2012-05-01 00:00:00,20,10,61,80,9,60,3,60,AY6,60,12,35,17,6,Indonesia,1996WS,1,2,6,5,124,3,25,9,1996-11-13 00:00:00,1996-11-16 00:00:00,1996-06-05 00:00:00,2014-07-14 16:53:24.065674,3364147,1,5,8.1,2.6,2.2,132246,151,60,IRIS 313-10525,3,11,26,2,78,4,20,3,9,1.5,Y,60,IDN,2,1,3,28,A,1,5,9,10,22,1,1,20,3,O.SDB,BMDMGBMGCLM::RGC24697-2,6133,O. sativa,O. sativa,3,S,PHL,288,AV,ind3,ind3,4055130,Indica,8,18,7,3
2011-05-01 00:00:00,20,10,61,80,9,60,3,60,BA55,60,12,36,18,6,Indonesia,1996WS,3,2,5,6,146,2,15,9,1996-11-13 00:00:00,1996-11-16 00:00:00,1996-06-05 00:00:00,2014-07-14 16:53:24.065674,3363910,1,7,8.4,3,2.9,127207,111,60,IRIS 313-10762,3,11,19,2,60,3,20,3,1,1.2,Y,60,IDN,2,7,3,25,A,1,5,5,10,52,2,1,20,3,O.SDB,BMD::RGC17214-1,17214,O. sativa,O. sativa,3,S,PHL,288,AV,ind3,ind3,4056356,Indica,8,18,7,3
2010-11-01 00:00:00,20,10,61,80,9,60,3,84,AD27,60,12,36,18,6,Indonesia,1996WS,3,2,5,5,115,2,14,9,1996-11-13 00:00:00,1996-11-16 00:00:00,1996-06-05 00:00:00,2014-07-14 16:53:24.065674,3305537,1,7,9.1,3.2,3,126047,106,60,IRIS 313-8314,3,11,24,2,71,4,20,3,1,2,Y,60,IDN,2,1,4,37,A,1,5,5,70,52,2,1,20,3,O.SDB,BRMLD::RGC35563-1,35563,O. sativa,O. sativa,3,S,PHL,288,AV,trop,trop1,3060206,Indica,8,18,7,3
2010-11-01 00:00:00,20,60,62,80,9,60,3,60,AH90,61,12,36,18,6,Indonesia,2009WS,5,2,9.1,5,142,2,12,7,2009-11-13 00:00:00,2009-11-17 00:00:00,2009-06-17 00:00:00,2014-07-14 16:53:28.386072,3304797,1,5,7.2,2.8,1.7,131933,151,60,IRIS 313-9054,1,11,22,3,57.6,4,54,4,5,1.4,Y,60,IDN,2,9,4,27.4,A,1,3,5,70,44,2,1,20,3,O.SDB,BRMLD::RGC35563-1,43354,O. sativa,O. sativa,4,S,PHL,288,AV,ind3,ind3,3060206,Indica,8,18,7,3
2011-05-01 00:00:00,20,10,61,80,9,60,3,60,BC42,60,12,36,18,6,Indonesia,2009WS,3,2,5,6,140,2,12,7,2009-11-13 00:00:00,2009-11-17 00:00:00,2009-06-17 00:00:00,2014-07-14 16:53:28.386072,3363737,1,5,9.8,2.6,2.5,127238,115,60,IRIS 313-10935,1,11,25,3,64,4,20,4,1,1.4,Y,60,IDN,2,7,3,30,A,1,5,5,10,21,1,1,20,3,O.SDB,BRMDLFD::RGC24541-1,24541,O. sativa,O. sativa,3,S,PHL,288,AV,ind3,ind3,4056276,Indica,8,18,7,3
2011-05-01 00:00:00,20,10,61,80,9,63,3,60,BC52,60,12,36,18,6,Indonesia,2009WS,3,2,5,6,145,1,9,7,2009-11-13 00:00:00,2009-11-17 00:00:00,2009-06-17 00:00:00,2014-07-14 16:53:28.386072,3363727,1,5,7,3.5,2.6,128247,103,60,IRIS 313-10945,1,11,20,3,65,4,20,4,1,2.5,Y,60,IDN,2,1,3,25,A,1,5,1,10,19,1,1,20,3,O.SDB,BLC::RGC24884-1,24884,O. sativa,O. sativa,3,S,PHL,288,AV,trop,trop1,4056271,Tropical japonica,8,18,7,3
2011-05-01 00:00:00,20,20,61,20,9,60,3,60,AS86,61,15,44,21,8,Indonesia,1991WS,1,2,5,4,97,2,17,1,1991-10-08 00:00:00,1991-10-11 00:00:00,1991-06-18 00:00:00,2014-07-14 16:53:28.386072,3362704,1,1,8.6,2.1,1.7,127240,116,41,IRIS 313-11970,1,11,12,2,60,3,42,4,5,1.9,Y,60,IDN,2,3,3,25,A,1,9,5,10,25,1,1,20,1,O.SDB,BMDMB1::RGC77554-1,77554,O. sativa,O. sativa,1,S,PHL,288,AV,trop,trop1,4055592,Tropical japonica,9,22,10,3
2011-05-01 00:00:00,20,20,61,20,1,63,3,60,AT66,61,15,44,21,8,Indonesia,1996WS,3,2,5,6,97,2,17,1,1996-10-03 00:00:00,1996-10-07 00:00:00,1996-06-05 00:00:00,2014-07-14 16:53:28.386072,3362629,1,5,8.8,2.6,2,127240,124,41,IRIS 313-12045,1,11,12,2,60,4,20,4,5,1.9,Y,60,IDN,2,3,4,25,A,1,5,5,70,25,2,1,20,3,O.SDB,BMDMB1::RGC77554-1,81440,O. sativa,O. sativa,3,S,PHL,288,AV,trop,trop1,4055592,Tropical japonica,9,21,9,3
2011-05-01 00:00:00,80,80,61,80,1,60,3,60,AH93,61,15,44,21,8,Indonesia,1993WS,1,2,5,6,97,2,17,1,1993-11-22 00:00:00,1993-11-25 00:00:00,1993-07-14 00:00:00,2014-07-14 16:53:28.386072,3304754,1,3,8,2.8,2.2,127240,134,41,IRIS 313-9097,4,11,12,2,60,4,20,4,3,1.9,Y,60,IDN,2,3,3,25,A,1,9,5,10,25,2,1,20,3,O.SDB,BMDMB1::RGC77554-1,66538,O. sativa,O. sativa,3,S,PHL,288,AV,ind3,ind3,4055592,Indica,9,21,9,3
2012-05-01 00:00:00,80,80,61,80,1,60,2,60,BF10,60,14,42,20,8,Indonesia,1993WS,3,2,5,6,150,2,19,3,1993-11-22 00:00:00,1993-11-25 00:00:00,1993-07-14 00:00:00,2014-07-14 16:53:28.386072,3363490,1,5,8.4,2.9,2.1,128009,112,60,IRIS 313-11182,3,11,21,2,57,3,20,4,7,2,Y,60,IDN,2,1,3,26,A,1,5,5,10,57,2,1,20,3,O.SDB,CMFCM::RGC35581-2,35581,O. sativa,O. sativa,5,S,PHL,288,AV,ind3,ind3,4055039,Indica,9,21,9,3
2011-05-01 00:00:00,80,80,61,80,1,60,3,60,BD11,60,12,36,18,6,Indonesia,1993WS,3,1,4,6,146,2,13,9,1993-11-22 00:00:00,1993-11-25 00:00:00,1993-07-14 00:00:00,2014-07-14 16:53:28.386072,3363675,1,5,9,2.9,2,127250,110,60,IRIS 313-10997,3,11,21,2,68,4,20,4,1,1.7,Y,60,IDN,2,7,3,26,A,1,9,1,10,30,2,1,20,3,O.SDB,CMFMGR::RGC27107-1,27107,O. sativa,O. sativa,5,S,PHL,288,AV,ind3,ind3,4056244,Indica,8,18,7,3
2011-05-01 00:00:00,80,20,61,80,1,60,3,60,AS18,61,14,42,20,8,Indonesia,1993WS,3,2,6,6,143,2,14,3,1993-11-22 00:00:00,1993-11-25 00:00:00,1993-07-14 00:00:00,2014-07-14 16:53:28.386072,3362772,1,7,8,3.1,2.4,127251,115,60,IRIS 313-11902,9,11,17,2,64,4,20,5,5,1.4,Y,60,IDN,2,3,3,27,A,1,2,5,10,50,2,1,20,3,O.SDB,CMFDR::RGC73667-1,73667,O. sativa,O. sativa,5,S,PHL,288,AV,ind3,ind3,4055654,Indica,9,21,9,3
2012-05-01 00:00:00,20,20,61,80,1,60,3,60,BA58,61,15,44,21,8,Indonesia,1996WS,5,2,6,6,143,2,14,1,1996-10-07 00:00:00,1996-10-09 00:00:00,1996-06-05 00:00:00,2014-07-14 16:53:28.386072,3363907,1,5,8.5,3.4,2.6,128010,126,41,IRIS 313-10765,1,11,17,2,64,4,54,4,5,1.4,Y,60,IDN,2,1,4,27,A,1,1,5,10,50,2,1,20,5,O.SDB,CRCD::RGC17401-2,17401,O. sativa,O. sativa,3,S,PHL,288,AV,trop,trop1,4055186,Japonica,9,21,9,3
2012-05-01 00:00:00,20,20,61,20,9,60,3,60,BG46,61,14,42,20,8,Indonesia,1996WS,5,2,5,6,143,2,14,4,1996-10-07 00:00:00,1996-10-09 00:00:00,1996-06-05 00:00:00,2014-07-14 16:53:28.386072,3363361,1,3,8,3.4,2.5,128010,106,60,IRIS 313-11311,2,11,16,2,66,4,20,3,1,2.2,Y,60,IDN,2,1,4,36,A,1,1,5,10,25,1,1,20,3,O.SDB,CRCD::RGC17401-2,43377,O. sativa,O. sativa,3,S,PHL,288,AV,trop,trop1,4055186,Japonica,9,21,9,3
2012-05-01 00:00:00,20,60,62,11,9,60,3,60,AH54,61,14,42,20,8,Indonesia,2008WS,3,2,7.1,6,174,2,13,7,2008-10-06 00:00:00,2008-10-08 00:00:00,2008-06-25 00:00:00,2014-07-11 16:54:22.842738,3305208,1,7,7.6,2.8,2.2,131935,104,41,IRIS 313-8643,5,11,13,3,61.4,4,20,4,7,1.5,Y,60,IDN,3,9,4,27.6,A,1,3,3,10,36,1,1,20,3,O.SDB,CRCD::RGC17401-2,17440,O. sativa,O. sativa,5,S,PHL,288,AV,ind3,ind3,4055186,Indica,9,21,9,3
2011-05-01 00:00:00,20,60,62,11,9,63,3,60,BA59,61,14,42,20,8,Indonesia,2008WS,5,2,6,6,145,2,8,9,2008-10-17 00:00:00,2008-10-20 00:00:00,2008-06-25 00:00:00,2014-07-11 16:54:23.210884,3363906,1,7,7.8,3.5,2.7,127325,115,60,IRIS 313-10766,3,11,20,3,56,4,42,4,9,2.2,Y,60,IDN,3,9,4,29.4,A,1,1,5,10,34,1,1,20,3,O.SDB,DGLR::RGC17471-1,17471,O. sativa,O. sativa,4,S,PHL,288,AV,trop,trop1,4056354,Japonica,9,21,9,3
2012-05-01 00:00:00,20,10,61,20,5,60,3,60,BA60,61,12,36,18,6,Indonesia,2008WS,3,2,5,6,137,2,12,9,2008-10-17 00:00:00,2008-10-20 00:00:00,2008-06-25 00:00:00,2014-07-11 16:54:23.210884,3363905,1,5,8,3.2,2.8,128032,127,60,IRIS 313-10767,3,11,20,3,61,4,20,4,1,1.8,Y,60,IDN,3,1,3,27,A,1,1,1,10,57,2,1,20,3,O.SDB,DGMGD::RGC17491-2,17491,O. sativa,O. sativa,3,S,PHL,288,AV,trop,trop1,4055185,Japonica,8,18,7,3
2011-05-01 00:00:00,20,80,80,20,5,61,3,84,BF5,80,12,36,18,6,Indonesia,2008WS,3,1,4,6,132,2,14,7,2008-10-17 00:00:00,2008-10-20 00:00:00,2008-06-25 00:00:00,2014-07-11 16:54:23.210884,3363495,1,5,8.7,2.7,2,127309,111,60,IRIS 313-11177,3,11,14,3,63,4,20,4,1,1.4,Y,60,IDN,3,1,3,29,A,1,5,5,10,46,2,1,20,3,O.SDB,DLFCMG::RGC35265-1,35265,O. sativa,O. sativa,3,S,PHL,288,AV,ind3,indx,4056157,Indica,8,18,7,3
2009-11-01 00:00:00,20,10,61,20,5,61,3,60,AF15,60,12,35,17,6,Indonesia,2008WS,1,1,4,6,141,2,20,1,2008-10-17 00:00:00,2008-10-20 00:00:00,2008-06-25 00:00:00,2014-07-11 16:54:23.210884,3304318,1,5,9.5,2.8,2.7,125729,116,60,IRIS 313-9533,3,11,30,3,78,4,42,4,9,1.2,Y,60,IDN,3,1,4,32,A,1,5,9,10,24,1,1,20,5,O.SDB,DDCMG::RGC44-1,44,O. sativa,O. sativa,3,S,PHL,288,AV,ind3,ind3,3059094,Indica,8,18,7,3
2011-05-01 00:00:00,20,80,80,20,5,60,3,84,BA62,80,12,36,18,6,Indonesia,2008WS,3,2,5,4,95,2,14,9,2008-10-17 00:00:00,2008-10-20 00:00:00,2008-06-25 00:00:00,2014-07-11 16:54:23.210884,3363903,1,5,9.4,2.8,2.6,127375,111,60,IRIS 313-10769,3,80,14,3,36,2,42,4,1,1.4,Y,60,IDN,3,7,4,32,A,1,5,5,10,43,2,1,20,3,O.SDB,GGBR::RGC17586-1,17586,O. sativa,O. sativa,3,S,PHL,288,AV,indx,indx,4056353,Indica,8,18,7,3
2012-05-01 00:00:00,20,52,61,20,7,63,3,60,BA63,61,15,44,21,8,Indonesia,1992WS,5,2,5,4,95,1,14,1,1992-10-12 00:00:00,1992-10-15 00:00:00,1992-06-17 00:00:00,2014-07-11 16:54:23.210884,3363902,1,5,8.3,3.1,2.4,128042,120,41,IRIS 313-10770,1,11,14,2,36,4,20,4,3,1.4,Y,60,IDN,2,3,3,32,A,1,9,5,10,43,2,2,20,3,O.SDB,GMDM::RGC17593-2,17593,O. sativa,O. sativa,5,S,PHL,288,AV,trop,trop1,4055184,Japonica,9,21,9,3
2010-01-28 00:00:00,20,70,61,70,9,60,3,60,AM46,61,14,42,20,8,Indonesia,1992WS,3,2,5,4,108,2,16,3,1992-10-12 00:00:00,1992-10-15 00:00:00,1992-06-17 00:00:00,2014-07-11 16:54:23.210884,3305960,1,7,8.5,3.6,3,122052,103,41,IRIS 313-7883,2,11,14,2,50,3,82,3,1,1.4,Y,60,IDN,2,1,3,24,A,1,2,5,10,26,1,1,70,3,O.SDB,GMG::RGC48698-C1,48698,O. sativa,O. sativa,3,S,FRA,015,AV,trop,trop1,3302329,Tropical japonica, Trop,9,21,9,3
2010-01-28 00:00:00,20,20,61,70,9,60,3,60,BA61,61,14,42,21,7,Indonesia,1990WS,3,2,6.7,6,134,2,17,3,1990-10-28 00:00:00,1990-10-31 00:00:00,1990-06-13 00:00:00,2014-07-11 16:54:23.210884,3363904,1,5,8.8,2.8,2.3,132423,141,60,IRIS 313-10768,5,11,20,2,52,3,42,4,1,1.4,Y,60,IDN,2,1,3,26,A,1,9,5,10,29,1,1,20,1,O.SDB,GMG::RGC48698-C1,17569,O. sativa,O. sativa,3,S,FRA,015,AV,ind3,ind3,3302329,Indica,9,21,9,3
2010-01-28 00:00:00,20,80,61,70,9,60,3,60,BA64,60,12,35,17,6,Indonesia,1990WS,3,2,5,4,92,2,11,3,1990-10-28 00:00:00,1990-10-31 00:00:00,1990-06-13 00:00:00,2014-07-11 16:54:23.210884,3363901,1,7,8.1,3.4,2.6,132423,90,60,IRIS 313-10771,5,11,13,2,69,4,20,4,1,1.5,Y,60,IDN,2,7,3,24,A,1,1,5,70,53,2,1,20,3,O.SDB,GMG::RGC48698-C1,17666,O. sativa,O. sativa,3,S,FRA,015,AV,trop,trop1,3302329,Intermediate type,7,17,7,3
2010-01-28 00:00:00,20,10,61,20,5,63,3,60,BA32,60,12,36,18,6,Indonesia,1990WS,3,2,6,6,144,1,8,7,1990-10-28 00:00:00,1990-10-31 00:00:00,1990-06-13 00:00:00,2014-07-11 16:54:23.210884,3363933,1,5,8.4,3.2,3,132423,89,60,IRIS 313-10739,5,11,18,2,63,4,20,4,1,1.7,Y,60,IDN,2,1,3,27,A,1,5,1,10,37,2,1,20,3,O.SDB,GMG::RGC48698-C1,16418,O. sativa,O. sativa,3,S,FRA,015,AV,admx,indx,3302329,Intermediate type,8,18,7,3
2010-01-28 00:00:00,20,87,61,70,9,63,3,60,AM60,61,14,42,20,8,Indonesia,1990WS,3,2,5,5,124,2,12,3,1990-10-28 00:00:00,1990-10-31 00:00:00,1990-06-13 00:00:00,2014-07-11 16:54:23.210884,3305958,1,3,9,4.4,4.3,122063,90,84,IRIS 313-7885,5,11,10,2,73,4,90,5,1,1.4,Y,60,IDN,2,1,3,29,A,1,1,4,70,57,2,1,80,3,O.SDB,GG::RGC43390-C1,43390,O. sativa,O. sativa,3,S,FRA,015,AV,trop,trop1,3302327,Tropical japonica, Trop,9,21,9,3
2011-05-01 00:00:00,20,80,80,70,9,60,3,84,BA65,60,12,36,18,6,Indonesia,1990WS,3,2,5,5,114,2,11,9,1990-10-28 00:00:00,1990-10-31 00:00:00,1990-06-13 00:00:00,2014-07-11 16:54:23.210884,3363900,1,5,8.2,3.2,2.4,127388,127,60,IRIS 313-10772,5,11,20,2,62,4,20,5,1,1.7,Y,60,IDN,2,1,4,31,A,1,9,1,10,50,2,1,20,3,O.SDB,GGD::RGC17669-1,17669,O. sativa,O. sativa,3,S,PHL,288,AV,ind3,ind3,4056352,Indica,8,18,7,3
2011-05-01 00:00:00,20,10,61,20,5,60,3,60,BA66,60,12,36,18,6,Indonesia,1990WS,3,2,5,5,125,2,12,9,1990-10-28 00:00:00,1990-10-31 00:00:00,1990-06-13 00:00:00,2014-07-11 16:54:23.210884,3363899,1,5,9.3,3.5,3.4,131989,94,60,IRIS 313-10773,5,11,17,2,60,3,20,5,1,1.9,Y,60,IDN,2,1,4,32,A,1,1,5,70,38,2,1,20,3,O.SDB,GGD::RGC17669-1,17728,O. sativa,O. sativa,3,S,PHL,288,AV,trop,trop1,4056352,Japonica,8,18,7,3
2011-05-01 00:00:00,20,80,80,20,5,85,3,80,BA67,80,12,35,17,6,Indonesia,1990WS,3,2,5,5,120,2,12,9,1990-10-28 00:00:00,1990-10-31 00:00:00,1990-06-13 00:00:00,2014-07-11 16:54:23.210884,3363898,1,3,9.5,3,2.6,127404,111,60,IRIS 313-10774,5,80,15,2,50,3,42,5,1,1.9,Y,60,IDN,2,7,4,31,A,1,5,5,10,50,2,1,20,3,O.SDB,HGRM::RGC17733-1,17733,O. sativa,O. sativa,3,S,PHL,288,AV,indx,indx,4056350,Indica,8,18,7,3
2012-05-01 00:00:00,20,80,61,20,1,60,3,60,BB24,60,12,36,18,6,Indonesia,1990WS,3,2,5,6,146,2,16,9,1990-10-28 00:00:00,1990-10-31 00:00:00,1990-06-13 00:00:00,2014-07-11 16:54:23.210884,3363848,1,5,9.3,2.7,2.6,128053,108,60,IRIS 313-10824,5,11,33,2,63,4,20,5,1,1.4,Y,60,IDN,2,1,4,31,A,1,5,5,10,19,1,1,20,3,O.SDB,HMGCMDL::RGC19282-2,19282,O. sativa,O. sativa,3,S,PHL,288,AV,ind3,ind3,4055166,Indica,8,18,7,3
2012-05-01 00:00:00,87,87,84,20,1,63,3,81,AH86,80,12,36,18,6,Indonesia,2009WS,5,2,8.9,6,122,2,10,5,2009-11-20 00:00:00,2009-11-23 00:00:00,2009-06-17 00:00:00,2014-07-14 16:53:56.578314,3304873,1,5,8.1,2.9,1.9,128053,157,60,IRIS 313-8978,5,11,22,3,63.6,4,90,4,7,1.3,Y,60,IDN,3,7,4,28.4,A,1,2,5,10,47,1,1,80,3,O.SDB,HMGCMDL::RGC19282-2,66562,O. sativa,O. sativa,3,S,PHL,288,AV,ind3,ind3,4055166,Indica,8,18,7,3
2012-05-01 00:00:00,87,20,61,20,1,60,3,60,BA68,61,14,42,20,8,Indonesia,2009WS,3,2,5,6,139,2,16,5,2009-11-20 00:00:00,2009-11-23 00:00:00,2009-06-17 00:00:00,2014-07-14 16:53:56.578314,3363897,1,5,9.3,3.1,2.7,128056,128,60,IRIS 313-10775,8,11,25,2,63,4,20,4,5,1.1,Y,60,IDN,2,3,4,31,A,1,6,5,10,54,2,1,20,3,O.SDB,IMDL::RGC17748-2,17748,O. sativa,O. sativa,5,S,PHL,288,AV,indx,indx,4055183,Indica,9,21,9,3
2012-05-01 00:00:00,87,20,61,20,1,63,3,60,BH36,61,14,42,20,8,Indonesia,2009WS,3,2,5,5,127,2,16,3,2009-11-20 00:00:00,2009-11-23 00:00:00,2009-06-17 00:00:00,2014-07-14 16:53:56.578314,3363278,1,5,9.6,2.9,3,128057,126,60,IRIS 313-11394,4,11,28,2,53,3,20,2,5,1.1,Y,60,IDN,2,3,3,27,A,1,7,5,10,58,2,1,20,3,O.SDB,IMDM13030::RGC48630-2,48630,O. sativa,O. sativa,3,S,PHL,288,AV,indx,indx,4054918,Indica,9,21,9,3
2012-05-01 00:00:00,87,20,61,20,1,60,3,60,BH37,61,14,42,20,8,Indonesia,2009WS,3,2,5,5,123,2,14,3,2009-11-20 00:00:00,2009-11-23 00:00:00,2009-06-17 00:00:00,2014-07-14 16:53:56.578314,3363277,1,5,8.2,2.4,1.6,128057,136,60,IRIS 313-11395,3,11,18,2,53,3,42,2,7,1.4,Y,60,IDN,2,3,3,23,A,1,7,5,10,49,2,1,20,1,O.SDB,IMDM13030::RGC48630-2,48665,O. sativa,O. sativa,3,S,PHL,288,AV,ind3,ind3,4054918,Indica,9,21,9,3
2012-05-01 00:00:00,87,10,61,20,1,60,3,60,BB44,60,12,36,18,6,Indonesia,2009WS,3,2,5,4,109,2,10,9,2009-11-20 00:00:00,2009-11-23 00:00:00,2009-06-17 00:00:00,2014-07-14 16:53:56.578314,3363828,1,3,7.7,3,1.7,128058,127,60,IRIS 313-10844,3,11,24,2,56,3,54,2,1,1.6,Y,60,IDN,2,1,3,24,A,1,9,1,10,33,2,1,20,3,O.SDB,IMDM7505::RGC20162-2,20162,O. sativa,O. sativa,3,S,PHL,288,AV,ind3,ind3,4055161,Indica,8,18,7,3
2010-11-01 00:00:00,87,80,61,80,9,60,3,60,AK07,61,14,42,20,8,Indonesia,2009WS,3,2,5,6,147,2,15,4,2009-11-20 00:00:00,2009-11-23 00:00:00,2009-06-17 00:00:00,2014-07-14 16:53:56.578314,3304446,1,3,8.5,3.5,2.7,126059,102,60,IRIS 313-9405,2,11,13,2,72,4,20,5,1,2,Y,60,IDN,2,5,3,25,A,1,1,5,10,51,2,1,20,1,O.SDB,IMGSBLMC::RGC43402-1,43402,O. sativa,O. sativa,3,S,PHL,288,AV,trop,trop1,3059204,Tropical japonica,9,21,9,3
2009-11-01 00:00:00,87,20,80,80,9,60,3,60,AE65,80,14,43,21,8,Indonesia,1990WS,1,2,6.3,7,157,3,24,1,1990-10-25 00:00:00,1990-10-29 00:00:00,1990-06-13 00:00:00,2014-07-14 16:53:56.578314,3304600,1,5,6.8,3,1.9,126980,139,60,IRIS 313-9251,5,11,17,2,56,3,20,2,1,1.7,Y,60,IDN,2,1,3,24,A,1,9,5,10,29,1,1,20,1,O.SDB,JMDLR::RGC48552-1,48552,O. sativa,O. sativa,3,S,PHL,288,AV,ind3,ind3,3059348,Indica,9,22,10,3
2011-05-01 00:00:00,87,20,61,80,9,60,3,60,AQ19,61,14,42,20,8,Indonesia,1990WS,1,1,4,3,88,2,12,1,1990-10-25 00:00:00,1990-10-29 00:00:00,1990-06-13 00:00:00,2014-07-14 16:53:56.578314,3362955,1,5,8.8,3.2,2.8,127450,132,60,IRIS 313-11717,3,11,25,2,53,3,20,4,3,1.5,Y,60,IDN,2,5,3,23,A,1,7,5,10,26,1,1,20,3,O.SDB,JDM::RGC66565-1,66565,O. sativa,O. sativa,3,S,PHL,288,AV,ind3,indx,4055827,Indica,9,21,9,3
2012-05-01 00:00:00,87,80,61,80,9,61,3,60,BC58,60,12,36,18,6,Indonesia,1990WS,3,2,5,6,133,2,13,9,1990-10-25 00:00:00,1990-10-29 00:00:00,1990-06-13 00:00:00,2014-07-14 16:53:56.578314,3363721,1,5,8.4,2.4,2,128062,134,60,IRIS 313-10951,3,11,25,2,70,4,54,4,1,1.8,Y,60,IDN,2,7,3,30,A,1,5,5,10,23,1,1,20,3,O.SDB,JMDBMG::RGC25413-2,25413,O. sativa,O. sativa,3,S,PHL,288,AV,ind3,ind3,4055127,Indica,8,18,7,3
2012-05-01 00:00:00,87,10,61,80,9,60,3,60,AC42,60,12,36,18,6,Indonesia,1990WS,3,2,5,5,120,2,12,9,1990-10-25 00:00:00,1990-10-29 00:00:00,1990-06-13 00:00:00,2014-07-14 16:53:56.578314,3304537,1,5,10.3,2.8,2.8,128062,103,60,IRIS 313-9314,3,11,22,2,67,4,20,4,1,1.6,Y,60,IDN,2,7,3,30,A,1,9,1,10,32,2,1,20,3,O.SDB,JMDBMG::RGC25413-2,27138,O. sativa,O. sativa,3,S,PHL,288,AV,ind3,indx,4055127,Indica,8,18,7,3
2009-11-01 00:00:00,87,20,61,80,9,60,3,60,AE60,61,14,42,20,8,Indonesia,1990WS,3,1,4,7,170,2,13,7,1990-10-25 00:00:00,1990-10-29 00:00:00,1990-06-13 00:00:00,2014-07-14 16:53:56.578314,3304643,1,5,8.7,3.1,2.4,126165,157,60,IRIS 313-9208,9,11,20,2,60,3,20,5,2,1.5,Y,60,IDN,2,7,3,27,A,3,3,4,10,48,2,1,20,3,O.SDB,KCDRM::RGC35310-1,35310,O. sativa,O. sativa,1,S,PHL,288,AV,ind3,ind3,3059385,Indica,9,21,9,3
2011-05-01 00:00:00,80,80,80,80,9,85,3,80,BA70,80,15,44,21,8,Indonesia,1996WS,1,2,4,6,170,3,13,3,1996-10-14 00:00:00,1996-10-16 00:00:00,1996-06-05 00:00:00,2014-07-14 16:53:56.578314,3363895,1,3,7.7,3,2,127483,133,41,IRIS 313-10777,1,84,20,2,60,4,54,4,5,1.5,Y,60,IDN,2,1,3,27,A,1,5,5,10,48,2,1,20,3,O.SDB,KMS::RGC17785-1,17785,O. sativa,O. sativa,3,S,PHL,288,AV,ind3,ind3,4056349,Indica,9,21,9,3
2011-05-01 00:00:00,80,10,61,80,9,60,3,60,BE38,60,12,36,18,6,Indonesia,1996WS,3,2,5,5,115,1,9,9,1996-10-14 00:00:00,1996-10-16 00:00:00,1996-06-05 00:00:00,2014-07-14 16:53:56.578314,3363555,1,5,8.4,2.9,2,127502,85,60,IRIS 313-11117,1,11,15,2,59,3,42,4,1,2,Y,60,IDN,2,1,3,24,A,1,9,5,10,33,2,1,20,3,O.SDB,KLCMG::RGC31974-1,31974,O. sativa,O. sativa,3,S,PHL,288,AV,trop,trop1,4056181,Tropical japonica,8,18,7,3
2011-05-01 00:00:00,20,20,61,80,9,60,3,60,AH15,61,15,44,21,8,Indonesia,1993WS,1,2,5,7,115,2,9,1,1993-11-22 00:00:00,1993-11-25 00:00:00,1993-07-14 00:00:00,2014-07-14 16:53:56.578314,3305560,1,3,7.9,2.6,2,127502,134,41,IRIS 313-8291,4,11,15,2,59,4,53,4,3,2,Y,60,IDN,2,3,3,24,A,1,9,5,10,33,2,1,20,3,O.SDB,KLCMG::RGC31974-1,66568,O. sativa,O. sativa,3,S,PHL,288,AV,ind3,ind3,4056181,Indica,9,21,9,3
2011-05-01 00:00:00,20,20,61,80,9,60,3,60,BG54,61,14,42,20,8,Indonesia,1993WS,3,2,5,5,129,2,14,3,1993-11-22 00:00:00,1993-11-25 00:00:00,1993-07-14 00:00:00,2014-07-14 16:53:56.578314,3363353,1,5,8.7,2.9,2,127502,134,60,IRIS 313-11319,3,11,21,2,56,3,42,4,5,1.6,Y,60,IDN,2,1,3,28,A,1,5,5,10,46,2,1,20,3,O.SDB,KLCMG::RGC31974-1,43709,O. sativa,O. sativa,3,S,PHL,288,AV,ind3,ind3,4056181,Indica,9,21,9,3
2011-05-01 00:00:00,20,20,62,80,9,60,3,60,BA71,61,14,42,20,8,Indonesia,2008WS,1,2,7.1,5,135,2,17,7,2008-11-03 00:00:00,2008-11-07 00:00:00,2008-06-25 00:00:00,2014-07-11 16:54:25.681866,3363894,1,7,7.9,2.8,2,127502,133,41,IRIS 313-10778,5,11,22,3,66.8,3,20,4,5,1.6,Y,60,IDN,4,9,3,21.2,A,1,2,5,10,43,2,1,20,3,O.SDB,KLCMG::RGC31974-1,17818,O. sativa,O. sativa,4,S,PHL,288,AV,ind3,ind3,4056181,Indica,9,21,9,3
2011-05-01 00:00:00,20,10,61,80,9,63,3,60,BA69,60,12,35,17,6,Indonesia,2008WS,3,2,5,4,100,2,12,7,2008-11-03 00:00:00,2008-11-07 00:00:00,2008-06-25 00:00:00,2014-07-11 16:54:25.681866,3363896,1,5,8.3,3.6,2,132343,83,60,IRIS 313-10776,5,11,9,3,58,3,42,4,1,2,Y,60,IDN,4,1,3,26,A,1,5,5,10,52,2,1,20,3,O.SDB,KLCMG::RGC31974-1,17775,O. sativa,O. sativa,5,S,PHL,288,AV,trop,trop1,4056181,Tropical japonica,7,17,7,3
2012-05-01 00:00:00,20,10,61,80,9,60,3,60,BA72,60,12,36,18,6,Indonesia,2008WS,3,1,4,7,157,2,18,7,2008-11-03 00:00:00,2008-11-07 00:00:00,2008-06-25 00:00:00,2014-07-11 16:54:25.681866,3363893,1,5,9.5,2.3,2.3,128521,115,60,IRIS 313-10779,5,11,19,3,57,3,20,4,1,1.7,Y,60,IDN,4,1,3,27,A,1,9,1,10,25,1,1,20,3,O.SDB,KRMDC::RGC17822-2,17822,O. sativa,O. sativa,3,S,PHL,288,AV,ind3,ind3,4055182,Indica,8,18,7,3
2012-05-01 00:00:00,20,10,61,80,9,61,3,60,AI20,60,12,36,18,6,Indonesia,2008WS,3,2,5,6,145,2,16,7,2008-11-03 00:00:00,2008-11-07 00:00:00,2008-06-25 00:00:00,2014-07-11 16:54:25.681866,3304522,1,3,8.6,2.7,2.4,131941,123,60,IRIS 313-9329,5,11,24,3,73,4,54,4,1,1.8,Y,60,IDN,4,1,3,27,A,1,5,1,10,20,1,1,20,3,O.SDB,KRMDC::RGC17822-2,19972,O. sativa,O. sativa,3,S,PHL,288,AV,ind3,ind3,4055182,Indica,8,18,7,3
2012-05-01 00:00:00,20,10,61,80,9,60,3,60,AC42,60,12,36,18,6,Indonesia,2008WS,3,2,5,5,120,2,12,9,2008-11-03 00:00:00,2008-11-07 00:00:00,2008-06-25 00:00:00,2014-07-11 16:54:25.681866,3304537,1,5,10.3,2.8,2.8,131941,103,60,IRIS 313-9314,5,11,22,3,67,4,20,4,1,1.6,Y,60,IDN,4,7,3,30,A,1,9,1,10,32,2,1,20,3,O.SDB,KRMDC::RGC17822-2,27138,O. sativa,O. sativa,3,S,PHL,288,AV,ind3,indx,4055182,Indica,8,18,7,3
2010-11-01 00:00:00,20,80,61,80,9,63,3,60,AC62,61,14,42,20,8,Indonesia,2008WS,5,2,6,5,123,2,15,3,2008-11-03 00:00:00,2008-11-07 00:00:00,2008-06-25 00:00:00,2014-07-11 16:54:25.681866,3304550,2,7,9.7,3.1,3.4,126068,116,80,IRIS 313-9301,2,11,17,2,60,3,20,5,3,1.9,Y,60,IDN,2,1,3,26,A,1,1,5,10,36,2,1,20,3,O.SDB,KDMDMG::RGC54201-1,54201,O. sativa,O. sativa,3,S,PHL,288,AV,trop,trop1,3059303,Tropical japonica,9,21,9,3
2011-05-01 00:00:00,20,10,61,80,9,60,3,60,BC43,60,12,36,18,6,Indonesia,2008WS,3,2,5,6,135,2,14,7,2008-11-03 00:00:00,2008-11-07 00:00:00,2008-06-25 00:00:00,2014-07-11 16:54:25.681866,3363736,1,5,9.9,2.8,2.3,127504,115,80,IRIS 313-10936,2,11,18,2,69,4,20,5,1,1.6,Y,60,IDN,2,1,4,34,A,1,5,5,10,17,1,1,20,3,O.SDB,KDMGMDL::RGC24568-1,24568,O. sativa,O. sativa,3,S,PHL,288,AV,trop,trop1,4056275,Japonica,8,18,7,3
2011-05-01 00:00:00,20,20,61,20,1,60,3,60,AH80,61,14,42,20,8,Indonesia,2008WS,4,2,5,5,126,2,17,3,2008-11-03 00:00:00,2008-11-07 00:00:00,2008-06-25 00:00:00,2014-07-11 16:54:25.681866,3305020,1,5,8,2.9,2.2,127504,124,41,IRIS 313-8831,1,11,23,2,71,4,53,4,3,2,Y,60,IDN,2,3,3,24,A,1,5,5,10,37,2,1,20,3,O.SDB,KDMGMDL::RGC24568-1,48730,O. sativa,O. sativa,3,S,PHL,288,AV,ind3,ind3,4056275,Indica,9,21,9,3
2011-05-01 00:00:00,20,80,61,80,5,63,3,84,BA73,60,12,36,18,6,Indonesia,2008WS,7,2,5,7,151,2,12,1,2008-11-03 00:00:00,2008-11-07 00:00:00,2008-06-25 00:00:00,2014-07-11 16:54:25.681866,3363892,2,5,8.6,3.2,2.6,127505,115,60,IRIS 313-10780,1,11,20,2,72,4,53,4,1,2.3,Y,60,IDN,2,1,4,35,A,1,1,1,10,30,2,1,20,3,O.SDB,KDMLR::RGC17897-1,17897,O. sativa,O. sativa,3,S,PHL,288,AV,trop,trop1,4056348,Japonica,8,18,7,3
2011-05-01 00:00:00,20,80,61,80,9,60,3,60,BF11,60,14,42,20,8,Indonesia,2008WS,3,2,5,5,113,2,13,5,2008-11-03 00:00:00,2008-11-07 00:00:00,2008-06-25 00:00:00,2014-07-11 16:54:25.681866,3363489,2,7,9.6,3.4,3.2,132311,116,60,IRIS 313-11183,3,11,16,2,62,4,42,3,3,1.5,Y,60,IDN,2,1,3,28,A,1,1,5,10,61,3,1,20,3,O.SDB,KDMLR::RGC17897-1,35745,O. sativa,O. sativa,3,S,PHL,288,AV,trop,trop1,4056348,Tropical japonica,9,21,9,3
2009-11-01 00:00:00,20,80,61,80,9,60,3,60,AB56,61,14,42,20,8,Indonesia,2008WS,3,2,6,5,116,2,11,1,2008-11-03 00:00:00,2008-11-07 00:00:00,2008-06-25 00:00:00,2014-07-11 16:54:25.681866,3303699,2,7,9.8,3,2.8,125798,98,60,IRIS 313-10152,4,11,11,2,66,4,42,4,3,2.1,Y,60,IDN,2,5,3,30,A,1,9,5,10,23,1,1,20,1,O.SDB,KDMM::RGC48733-1,48733,O. sativa,O. sativa,3,S,PHL,288,AV,trop,trop1,3058337,Japonica,9,21,9,3
2011-05-01 00:00:00,20,10,61,20,1,60,3,60,BA74,60,12,36,18,6,Indonesia,2008WS,3,2,5,7,170,2,11,1,2008-11-03 00:00:00,2008-11-07 00:00:00,2008-06-25 00:00:00,2014-07-11 16:54:25.681866,3363891,2,5,9.8,3.4,2.8,127506,106,80,IRIS 313-10781,4,11,20,2,56,3,54,4,1,2.3,Y,60,IDN,2,1,3,30,A,1,5,1,10,34,2,1,20,3,O.SDB,KDMLMDMG::RGC17916-1,17916,O. sativa,O. sativa,3,S,PHL,288,AV,trop,trop1,4056347,Japonica,8,18,7,3
2012-05-01 00:00:00,20,10,61,20,1,60,3,60,BB41,60,12,36,18,6,Indonesia,2008WS,3,2,5,5,126,2,12,7,2008-11-03 00:00:00,2008-11-07 00:00:00,2008-06-25 00:00:00,2014-07-11 16:54:25.681866,3363831,2,7,9.5,3.6,2.8,128077,103,60,IRIS 313-10841,4,11,24,2,71,4,42,4,1,2.2,Y,60,IDN,2,1,4,35,A,1,1,5,10,46,2,1,20,3,O.SDB,KDMMGC::RGC19961-2,19961,O. sativa,O. sativa,3,S,PHL,288,AV,trop,trop1,4055163,Japonica,8,18,7,3
2012-05-01 00:00:00,20,10,61,20,1,60,3,60,BA75,60,12,36,18,6,Indonesia,2008WS,3,2,5,7,160,1,9,7,2008-11-03 00:00:00,2008-11-07 00:00:00,2008-06-25 00:00:00,2014-07-11 16:54:25.681866,3363890,1,5,9.7,3.1,2.9,128078,106,60,IRIS 313-10782,4,11,22,2,79,4,20,4,1,1.6,Y,60,IDN,2,1,4,33,A,1,5,1,10,35,2,1,20,3,O.SDB,KDMRS::RGC17925-2,17925,O. sativa,O. sativa,3,S,PHL,288,AV,ind3,ind3,4055181,Indica,8,18,7,3
2011-05-01 00:00:00,20,80,61,20,1,63,3,60,BA76,60,12,36,18,6,Indonesia,2008WS,3,2,5,7,160,2,16,7,2008-11-03 00:00:00,2008-11-07 00:00:00,2008-06-25 00:00:00,2014-07-11 16:54:25.681866,3363889,1,5,8.9,3.3,2.7,127507,115,60,IRIS 313-10783,4,11,17,2,50,3,42,4,1,1.7,Y,60,IDN,2,1,3,29,A,1,5,1,10,29,1,1,20,3,O.SDB,KDMSG::RGC17929-1,17929,O. sativa,O. sativa,3,S,PHL,288,AV,trop,trop1,4056346,Japonica,8,18,7,3
2011-05-01 00:00:00,20,80,80,80,5,63,3,84,BA33,80,12,36,18,6,Indonesia,2008WS,3,2,5,6,137,1,9,7,2008-11-03 00:00:00,2008-11-07 00:00:00,2008-06-25 00:00:00,2014-07-11 16:54:25.681866,3363932,2,3,9.8,3.3,3.4,127508,115,80,IRIS 313-10740,4,11,16,2,65,4,20,4,1,2.2,Y,60,IDN,2,1,4,34,A,1,1,1,10,37,2,1,20,3,O.SDB,KDMFRM::RGC16467-1,16467,O. sativa,O. sativa,3,S,PHL,288,AV,trop,trop1,4056367,Japonica,8,18,7,3
2011-05-01 00:00:00,20,80,80,80,5,63,3,84,BA34,80,12,36,18,6,Indonesia,2008WS,3,2,5,6,137,1,9,1,2008-11-03 00:00:00,2008-11-07 00:00:00,2008-06-25 00:00:00,2014-07-11 16:54:25.681866,3363931,1,5,9.5,3.3,3.2,127509,115,80,IRIS 313-10741,4,11,16,2,64,4,20,4,1,2.2,Y,60,IDN,2,1,3,30,A,1,1,1,10,35,2,1,20,3,O.SDB,KDMFLRM::RGC16468-1,16468,O. sativa,O. sativa,3,S,PHL,288,AV,trop,trop1,4056366,Japonica,8,18,7,3
2011-05-01 00:00:00,80,20,61,80,5,63,3,60,BD12,61,15,44,21,8,Indonesia,1992WS,5,2,5,6,137,2,9,3,1992-11-03 00:00:00,1992-11-07 00:00:00,1992-07-15 00:00:00,2014-07-11 16:54:25.681866,3363674,1,3,8,2.7,2,127509,115,41,IRIS 313-10998,3,11,16,2,64,3,20,4,9,2.2,Y,60,IDN,2,3,4,30,A,1,9,5,10,35,2,1,20,3,O.SDB,KDMFLRM::RGC16468-1,27154,O. sativa,O. sativa,3,S,PHL,288,AV,ind3,indx,4056366,Indica,9,21,9,3
2012-05-01 00:00:00,80,10,61,40,5,60,3,60,BA77,60,12,36,18,6,Indonesia,1992WS,3,2,5,7,169,2,12,7,1992-11-03 00:00:00,1992-11-07 00:00:00,1992-07-15 00:00:00,2014-07-11 16:54:25.681866,3363888,1,5,9.6,3.2,2.9,128079,106,60,IRIS 313-10784,3,11,15,2,60,3,20,4,1,2,Y,60,IDN,2,1,4,31,A,1,1,1,10,34,2,1,20,3,O.SDB,KDMSF::RGC17954-2,17954,O. sativa,O. sativa,3,S,PHL,288,AV,trop,trop1,4055180,Japonica,8,18,7,3
2009-11-01 00:00:00,80,10,61,40,5,63,3,60,AF26,60,12,36,18,6,Indonesia,1992WS,3,2,5,5,128,2,20,9,1992-11-03 00:00:00,1992-11-07 00:00:00,1992-07-15 00:00:00,2014-07-11 16:54:25.681866,3304261,1,5,8.4,2.8,2,125799,100,60,IRIS 313-9590,3,11,20,2,70,4,42,4,1,1.5,Y,60,IDN,2,1,3,25,A,1,9,1,10,36,2,1,20,3,O.SDB,KDMSRMG::RGC14615-1,14615,O. sativa,O. sativa,3,S,PHL,288,AV,ind3,ind3,3059040,Indica,8,18,7,3
2011-05-01 00:00:00,80,80,61,40,5,63,3,60,BA78,60,12,36,18,6,Indonesia,1992WS,7,2,5,6,149,2,14,1,1992-11-03 00:00:00,1992-11-07 00:00:00,1992-07-15 00:00:00,2014-07-11 16:54:25.681866,3363887,1,3,9.9,3.6,3.6,127510,99,60,IRIS 313-10785,3,11,20,2,64,4,20,4,1,2.1,Y,60,IDN,2,1,4,32,A,1,1,1,10,35,2,1,20,3,O.SDB,KDMSL::RGC17963-1,17963,O. sativa,O. sativa,3,S,PHL,288,AV,trop,trop1,4056345,Japonica,8,18,7,3
2011-05-01 00:00:00,80,80,61,40,5,63,3,60,BA79,60,12,36,18,6,Indonesia,1992WS,3,1,4,7,162,2,16,1,1992-11-03 00:00:00,1992-11-07 00:00:00,1992-07-15 00:00:00,2014-07-11 16:54:25.681866,3363886,1,5,9.4,3.3,3,127510,115,60,IRIS 313-10786,3,11,18,2,64,4,20,4,1,2,Y,60,IDN,2,1,4,33,A,1,1,1,10,33,2,1,20,3,O.SDB,KDMSL::RGC17963-1,17980,O. sativa,O. sativa,3,S,PHL,288,AV,ind3,ind3,4056345,Indica,8,18,7,3
2011-05-01 00:00:00,80,80,61,40,5,63,3,60,BC59,60,12,36,18,6,Indonesia,1992WS,3,2,5,7,173,2,14,9,1992-11-03 00:00:00,1992-11-07 00:00:00,1992-07-15 00:00:00,2014-07-11 16:54:25.681866,3363720,1,7,7.9,2.9,1.9,132003,108,60,IRIS 313-10952,3,11,18,2,69,4,20,4,1,2.2,Y,60,IDN,2,1,3,26,A,1,5,5,10,19,1,1,80,3,O.SDB,KDMSL::RGC17963-1,25442,O. sativa,O. sativa,3,S,PHL,288,AV,trop,trop1,4056345,Tropical japonica,8,18,7,3
2011-05-01 00:00:00,20,52,61,40,5,63,3,60,AS19,61,15,44,21,8,Indonesia,1991WS,7,2,6,4,100,2,16,5,1991-10-02 00:00:00,1991-10-05 00:00:00,1991-06-26 00:00:00,2014-07-11 16:54:25.681866,3362771,1,3,8.4,3.2,2.5,128351,102,41,IRIS 313-11903,1,11,17,2,83,5,20,4,5,1.5,Y,60,IDN,2,3,3,23,A,1,9,7,10,27,1,1,20,3,O.SDB,KMFD::RGC73716-1,73716,O. sativa,O. sativa,5,S,PHL,288,AV,trop,trop1,4055653,Tropical japonica,9,22,10,3
2011-05-01 00:00:00,20,20,61,40,5,60,3,60,AT67,61,15,44,21,8,Indonesia,1996WS,3,2,6,6,100,2,16,3,1996-10-29 00:00:00,1996-11-02 00:00:00,1996-06-05 00:00:00,2014-07-11 16:54:25.681866,3362628,1,3,7.8,2.4,2,132282,150,41,IRIS 313-12046,5,11,17,2,83,4,20,4,5,1.5,Y,60,IDN,2,1,3,23,A,1,5,5,10,27,2,1,20,1,O.SDB,KMFD::RGC73716-1,81477,O. sativa,O. sativa,3,S,PHL,288,AV,ind3,ind3,4055653,Indica,9,21,9,3
2011-05-01 00:00:00,20,80,61,40,5,63,3,60,BA80,60,12,35,17,6,Indonesia,1996WS,3,1,4,4,101,2,15,7,1996-10-29 00:00:00,1996-11-02 00:00:00,1996-06-05 00:00:00,2014-07-11 16:54:25.681866,3363885,1,3,8.8,2.7,1.8,132282,120,60,IRIS 313-10787,5,11,22,2,57,3,53,4,1,1.9,Y,60,IDN,2,1,3,25,A,1,5,5,10,29,1,1,20,3,O.SDB,KMFD::RGC73716-1,18053,O. sativa,O. sativa,3,S,PHL,288,AV,ind3,ind3,4055653,Intermediate type,8,18,7,3
2011-05-01 00:00:00,20,10,61,20,1,60,3,60,BD13,60,12,36,18,6,Indonesia,1996WS,3,2,5,5,123,1,9,7,1996-10-29 00:00:00,1996-11-02 00:00:00,1996-06-05 00:00:00,2014-07-11 16:54:25.681866,3363673,1,5,9.5,3,2.8,127550,68,60,IRIS 313-10999,5,11,13,2,54,3,42,4,1,1.5,Y,60,IDN,2,1,4,31,A,1,5,5,10,23,1,1,20,5,O.SDB,LMD::RGC27164-1,27164,O. sativa,O. sativa,3,S,PHL,288,AV,trop,trop1,4056243,Tropical japonica,8,18,7,3
2011-05-01 00:00:00,20,20,62,61,1,60,3,60,AZ77,61,12,36,18,6,Indonesia,2010WS,3,2,8.1,5,139,1,20,7,2010-09-27 00:00:00,2010-09-30 00:00:00,2010-06-17 00:00:00,2014-07-15 15:34:44.513283,3363982,1,3,8.7,2.7,2.3,132350,103,60,IRIS 313-10690,5,11,15,3,58.8,3,20,4,7,1.7,Y,60,IDN,3,9,4,19.9,A,1,3,3,10,42,1,1,20,3,O.SDB,LMD::RGC27164-1,13571,O. sativa,O. sativa,4,S,PHL,288,AV,ind3,ind3,4056243,Indica,8,18,7,3
2009-11-01 00:00:00,20,70,61,70,5,63,3,60,AJ93,60,12,36,18,6,Indonesia,2010WS,3,1,4,6,148,2,14,1,2010-09-27 00:00:00,2010-09-30 00:00:00,2010-06-17 00:00:00,2014-07-15 15:34:44.513283,3304722,1,7,9.1,3,3.1,125820,88,60,IRIS 313-9129,5,11,17,3,55,3,82,4,1,1.9,Y,60,IDN,3,1,3,30,A,1,1,1,10,19,1,1,40,5,O.SDB,LMDB::RGC25214-1,25214,O. sativa,O. sativa,3,S,PHL,288,AV,trop,trop1,3059447,Tropical japonica,8,18,7,3
2009-11-01 00:00:00,20,20,61,70,5,60,3,60,AT68,61,15,44,21,8,Indonesia,1996WS,3,2,4,7,148,2,14,3,1996-10-29 00:00:00,1996-11-02 00:00:00,1996-06-05 00:00:00,2014-07-15 15:34:44.513283,3362627,1,3,7.1,2.7,1.5,132008,150,60,IRIS 313-12047,5,11,17,2,55,4,20,4,5,1.9,Y,60,IDN,2,3,3,30,A,1,5,5,10,19,2,1,20,3,O.SDB,LMDB::RGC25214-1,81486,O. sativa,O. sativa,5,S,PHL,288,AV,ind3,ind3,3059447,Indica,9,21,9,3
2009-11-01 00:00:00,20,10,61,20,5,63,3,60,BA81,60,12,36,18,6,Indonesia,1996WS,3,1,4,7,165,2,12,1,1996-10-29 00:00:00,1996-11-02 00:00:00,1996-06-05 00:00:00,2014-07-15 15:34:44.513283,3363884,1,5,8.5,3.2,2.7,132008,106,60,IRIS 313-10788,5,11,18,2,56,3,20,4,1,1.8,Y,60,IDN,2,1,4,34,A,1,1,1,10,36,2,1,20,3,O.SDB,LMDB::RGC25214-1,18116,O. sativa,O. sativa,3,S,PHL,288,AV,trop,trop1,3059447,Japonica,8,18,7,3
2009-11-01 00:00:00,20,10,61,20,1,63,3,84,BA82,60,12,36,18,6,Indonesia,1996WS,7,1,4,7,175,2,12,7,1996-10-29 00:00:00,1996-11-02 00:00:00,1996-06-05 00:00:00,2014-07-15 15:34:44.513283,3363883,1,7,9.6,3.1,3.4,132009,106,80,IRIS 313-10789,5,11,17,2,64,4,20,4,1,1.9,Y,60,IDN,2,1,4,33,A,1,5,1,10,37,2,1,20,3,O.SDB,LMDB::RGC25214-1,18119,O. sativa,O. sativa,3,S,PHL,288,AV,trop,trop1,3059447,Japonica,8,18,7,3
2011-05-01 00:00:00,20,20,61,20,1,60,3,60,AT69,61,15,44,21,8,Indonesia,1996WS,3,2,4,7,175,2,12,3,1996-10-29 00:00:00,1996-11-02 00:00:00,1996-06-05 00:00:00,2014-07-15 15:34:44.513283,3362626,1,3,7.1,2.4,1.5,127564,150,41,IRIS 313-12048,5,11,17,2,64,4,53,4,5,1.9,Y,60,IDN,2,1,3,33,A,1,9,5,10,37,2,1,20,1,O.SDB,LM::RGC81487-1,81487,O. sativa,O. sativa,3,S,PHL,288,AV,ind3,ind3,4055520,Indica,9,21,9,3
2011-05-01 00:00:00,20,10,61,20,1,60,3,60,BA83,60,12,36,18,6,Indonesia,1996WS,7,2,5,6,133,2,12,1,1996-10-29 00:00:00,1996-11-02 00:00:00,1996-06-05 00:00:00,2014-07-15 15:34:44.513283,3363882,1,5,9.5,3.3,2.8,127564,120,60,IRIS 313-10790,5,11,23,2,69,4,20,4,1,1.9,Y,60,IDN,2,1,4,31,A,1,1,1,10,40,2,1,20,3,O.SDB,LM::RGC81487-1,18131,O. sativa,O. sativa,3,S,PHL,288,AV,trop,trop1,4055520,Japonica,8,18,7,3
2012-05-01 00:00:00,20,80,80,80,1,63,3,60,BB42,80,12,36,18,6,Indonesia,1996WS,3,2,5,4,106,2,14,7,1996-10-29 00:00:00,1996-11-02 00:00:00,1996-06-05 00:00:00,2014-07-15 15:34:44.513283,3363830,1,7,7.2,2.9,2.1,128099,108,60,IRIS 313-10842,5,11,25,2,56,3,54,4,1,2,Y,60,IDN,2,1,3,25,A,1,5,5,10,20,1,1,20,3,O.SDB,LBCLMG::RGC20000-2,20000,O. sativa,O. sativa,3,S,PHL,288,AV,ind3,ind3,4055162,Indica,8,18,7,3
2011-05-01 00:00:00,20,10,61,80,1,60,3,60,BD14,60,12,36,18,6,Indonesia,1996WS,3,2,5,6,133,2,11,9,1996-10-29 00:00:00,1996-11-02 00:00:00,1996-06-05 00:00:00,2014-07-15 15:34:44.513283,3363672,1,5,8,3.2,2.4,127591,103,60,IRIS 313-11000,5,11,25,2,61,4,20,4,1,1.7,Y,60,IDN,2,1,3,28,A,1,5,1,10,32,2,1,20,3,O.SDB,MRL::RGC27170-1,27170,O. sativa,O. sativa,3,S,PHL,288,AV,ind3,ind3,4056242,Indica,8,18,7,3
2011-05-01 00:00:00,20,10,61,80,1,63,3,60,BA35,60,12,36,18,6,Indonesia,1996WS,3,2,5,6,143,2,12,9,1996-10-29 00:00:00,1996-11-02 00:00:00,1996-06-05 00:00:00,2014-07-15 15:34:44.513283,3363930,1,5,8.5,2.9,2.4,127600,115,60,IRIS 313-10742,5,11,18,2,76,4,54,4,1,2,Y,60,IDN,2,1,3,27,A,1,5,1,10,35,2,1,20,3,O.SDB,MMS::RGC16503-1,16503,O. sativa,O. sativa,3,S,PHL,288,AV,ind3,ind3,4056365,Indica,8,18,7,3
2011-05-01 00:00:00,20,80,61,80,5,63,3,60,BC53,60,12,36,18,6,Indonesia,1996WS,3,2,5,5,118,1,9,1,1996-10-29 00:00:00,1996-11-02 00:00:00,1996-06-05 00:00:00,2014-07-15 15:34:44.513283,3363726,1,5,8.5,3.3,3,128380,79,60,IRIS 313-10946,5,11,15,2,58,3,42,4,1,2.3,Y,60,IDN,2,1,4,33,A,1,1,5,10,20,1,1,40,3,O.SDB,MMG::RGC25019-1,25019,O. sativa,O. sativa,3,S,PHL,288,AV,trop,trop1,4056270,Tropical japonica,8,18,7,3
2011-05-01 00:00:00,20,10,61,80,5,60,3,60,BA84,60,12,36,18,6,Indonesia,1996WS,7,2,5,7,175,2,17,9,1996-10-29 00:00:00,1996-11-02 00:00:00,1996-06-05 00:00:00,2014-07-15 15:34:44.513283,3363881,1,5,8.8,2.6,2.2,127602,99,60,IRIS 313-10791,5,11,18,2,62,4,54,4,1,1.7,Y,60,IDN,2,1,3,29,A,1,9,5,10,41,2,1,20,3,O.SDB,MMGSR::RGC18187-1,18187,O. sativa,O. sativa,7,S,PHL,288,AV,ind3,ind3,4056343,Indica,8,18,7,3
2011-05-01 00:00:00,20,80,61,80,5,60,3,60,BH38,61,14,42,20,8,Indonesia,1996WS,3,2,5,5,124,2,15,3,1996-10-29 00:00:00,1996-11-02 00:00:00,1996-06-05 00:00:00,2014-07-15 15:34:44.513283,3363276,1,7,10.4,3,2.7,128385,101,41,IRIS 313-11396,7,11,14,2,54,3,52,4,1,1.4,Y,60,IDN,2,1,3,30,A,1,8,7,10,28,1,1,80,3,O.SDB,MS::RGC48758-1,48758,O. sativa,O. sativa,5,S,PHL,288,AV,trop,trop1,4056100,Tropical japonica,9,21,9,3
2011-05-01 00:00:00,20,10,61,80,5,60,3,60,BA85,60,12,36,18,6,Indonesia,1996WS,3,1,4,7,159,2,17,7,1996-10-29 00:00:00,1996-11-02 00:00:00,1996-06-05 00:00:00,2014-07-15 15:34:44.513283,3363880,1,5,8.5,3.2,2.6,127613,115,60,IRIS 313-10792,7,11,23,2,68,4,54,4,1,1.8,Y,60,IDN,2,1,4,31,A,1,9,1,10,42,2,1,20,3,O.SDB,MDMG::RGC18220-1,18220,O. sativa,O. sativa,3,S,PHL,288,AV,ind3,ind3,4056342,Indica,8,18,7,3
2011-05-01 00:00:00,20,20,61,80,5,60,3,60,BG55,61,14,42,20,8,Indonesia,1996WS,3,2,6,5,129,2,17,3,1996-10-29 00:00:00,1996-11-02 00:00:00,1996-06-05 00:00:00,2014-07-15 15:34:44.513283,3363352,1,7,9.2,2.6,1.9,127613,108,60,IRIS 313-11320,3,11,15,2,78,4,20,4,1,1.9,Y,60,IDN,2,1,3,22,A,1,9,9,10,28,1,1,20,1,O.SDB,MDMG::RGC18220-1,43727,O. sativa,O. sativa,3,S,PHL,288,AV,ind3,ind3,4056342,Indica,9,21,9,3
2010-05-01 00:00:00,20,20,61,80,5,60,3,60,AH41,61,14,43,21,8,Indonesia,1990WS,1,2,6.3,6,139,2,15,1,1990-11-12 00:00:00,1990-11-15 00:00:00,1990-06-13 00:00:00,2014-07-15 15:34:44.513283,3305358,1,3,7.5,2.6,1.9,128537,156,60,IRIS 313-8493,5,11,24,2,55,3,42,4,1,1.5,Y,60,IDN,2,1,3,25,A,1,9,5,10,40,2,1,20,1,O.SDB,MLB::RGC66597-1,66597,O. sativa,O. sativa,5,S,PHL,288,AV,ind3,ind3,3060039,Indica,9,22,10,3
2010-05-01 00:00:00,20,80,61,80,5,63,3,84,BA86,60,12,36,18,6,Indonesia,1990WS,3,2,5,6,150,1,9,7,1990-11-12 00:00:00,1990-11-15 00:00:00,1990-06-13 00:00:00,2014-07-15 15:34:44.513283,3363879,1,5,7.8,3.6,2.5,132257,80,80,IRIS 313-10793,5,11,11,2,66,4,53,4,1,1.8,Y,60,IDN,2,1,4,33,A,1,1,1,10,38,2,1,80,3,O.SDB,MLB::RGC66597-1,18238,O. sativa,O. sativa,3,S,PHL,288,AV,trop,trop1,3060039,Tropical japonica,8,18,7,3
2011-05-01 00:00:00,20,10,61,80,5,63,3,84,BA87,60,12,36,18,6,Indonesia,1990WS,3,2,5,7,151,2,13,1,1990-11-12 00:00:00,1990-11-15 00:00:00,1990-06-13 00:00:00,2014-07-15 15:34:44.513283,3363878,1,5,8.6,3,2.1,127624,88,60,IRIS 313-10794,5,11,21,2,69,4,53,4,1,1.8,Y,60,IDN,2,1,4,32,A,1,1,1,70,38,2,1,20,3,O.SDB,MMDMGM::RGC18245-1,18245,O. sativa,O. sativa,3,S,PHL,288,AV,trop,trop1,4056341,Tropical japonica,8,18,7,3
2010-11-01 00:00:00,20,10,61,80,5,60,3,60,AD29,60,12,36,18,6,Indonesia,1990WS,7,2,5,6,143,2,16,9,1990-11-12 00:00:00,1990-11-15 00:00:00,1990-06-13 00:00:00,2014-07-15 15:34:44.513283,3305483,1,5,9.1,2.7,2.5,126071,106,60,IRIS 313-8368,5,11,21,2,69,4,20,4,1,1.6,Y,60,IDN,2,1,3,30,A,1,9,1,10,40,2,1,20,3,O.SDB,MMDCDGRBLD::RGC18254-1,18254,O. sativa,O. sativa,3,S,PHL,288,AV,ind3,indx,3060157,Indica,8,18,7,3
2011-05-01 00:00:00,20,10,61,80,5,63,3,60,BA88,60,12,36,18,6,Indonesia,1990WS,3,1,4,4,97,1,9,1,1990-11-12 00:00:00,1990-11-15 00:00:00,1990-06-13 00:00:00,2014-07-15 15:34:44.513283,3363877,1,5,8.3,3.4,2.4,128389,71,60,IRIS 313-10795,5,11,12,2,48,3,20,4,1,2,Y,60,IDN,2,1,3,28,A,1,1,1,10,39,2,1,20,3,O.SDB,MLD::RGC18278-1,18278,O. sativa,O. sativa,3,S,PHL,288,AV,trop,trop1,4056340,Tropical japonica,8,18,7,3
2011-05-01 00:00:00,20,10,61,80,5,63,3,60,BA89,60,12,36,18,6,Indonesia,1990WS,7,1,4,4,108,1,5,1,1990-11-12 00:00:00,1990-11-15 00:00:00,1990-06-13 00:00:00,2014-07-15 15:34:44.513283,3363876,1,5,9.2,3.2,2.4,128390,71,60,IRIS 313-10796,5,11,12,2,60,3,20,4,1,1.6,Y,60,IDN,2,1,3,29,A,1,1,1,10,42,2,1,20,3,O.SDB,MLG::RGC18282-1,18282,O. sativa,O. sativa,3,S,PHL,288,AV,trop,trop1,4056339,Tropical japonica,8,18,7,3
2011-05-01 00:00:00,20,10,61,20,1,60,3,60,BC54,60,12,36,18,6,Indonesia,1990WS,1,2,5,6,146,2,13,9,1990-11-12 00:00:00,1990-11-15 00:00:00,1990-06-13 00:00:00,2014-07-15 15:34:44.513283,3363725,1,5,8.3,3.2,2.7,127643,108,60,IRIS 313-10947,5,11,18,2,71,4,20,4,1,1.5,Y,60,IDN,2,1,3,29,A,1,5,1,10,28,1,1,20,3,O.SDB,NM::RGC25035-1,25035,O. sativa,O. sativa,5,S,PHL,288,AV,ind3,ind3,4056269,Indica,8,18,7,3
2011-05-01 00:00:00,20,10,61,20,1,63,3,60,BA90,60,12,36,18,6,Indonesia,1990WS,3,2,5,7,153,2,15,7,1990-11-12 00:00:00,1990-11-15 00:00:00,1990-06-13 00:00:00,2014-07-15 15:34:44.513283,3363875,1,5,9.8,2.7,2.7,132357,115,60,IRIS 313-10797,5,11,22,2,65,4,54,4,1,1.6,Y,60,IDN,2,1,3,29,A,1,9,1,10,53,2,1,20,3,O.SDB,NM::RGC25035-1,18320,O. sativa,O. sativa,3,S,PHL,288,AV,ind3,ind3,4056269,Indica,8,18,7,3
2011-05-01 00:00:00,80,80,61,20,1,85,3,81,AH62,61,15,44,21,8,Indonesia,1993WS,1,2,5,4,153,2,15,3,1993-11-17 00:00:00,1993-11-19 00:00:00,1993-07-14 00:00:00,2014-07-15 15:34:44.513283,3305138,1,5,7.6,2.4,1.4,132357,128,41,IRIS 313-8713,3,84,22,2,65,4,42,4,5,1.6,Y,60,IDN,2,1,3,29,A,1,9,5,10,53,2,1,20,3,O.SDB,NM::RGC25035-1,66603,O. sativa,O. sativa,5,S,PHL,288,AV,ind3,ind3,4056269,Indica,9,21,9,3
2011-05-01 00:00:00,80,20,61,20,1,60,3,60,AD46,61,14,42,20,8,Indonesia,1993WS,3,2,5,6,148,2,18,3,1993-11-17 00:00:00,1993-11-19 00:00:00,1993-07-14 00:00:00,2014-07-15 15:34:44.513283,3305315,1,7,8.3,2.7,1.8,132357,124,60,IRIS 313-8536,1,11,23,2,73,4,20,2,5,1.8,Y,60,IDN,2,1,4,31,A,1,9,5,10,50,2,1,20,3,O.SDB,NM::RGC25035-1,43489,O. sativa,O. sativa,5,S,PHL,288,AV,ind3,ind3,4056269,Indica,9,21,9,3
2011-05-01 00:00:00,80,80,61,20,1,89,3,84,BA91,60,12,36,18,6,Indonesia,1993WS,3,1,4,4,106,1,9,1,1993-11-17 00:00:00,1993-11-19 00:00:00,1993-07-14 00:00:00,2014-07-15 15:34:44.513283,3363874,1,5,6.9,3.5,2.2,132357,80,80,IRIS 313-10798,1,11,10,2,60,3,54,2,1,1.8,Y,60,IDN,2,1,3,28,A,1,1,1,10,34,2,1,20,3,O.SDB,NM::RGC25035-1,18328,O. sativa,O. sativa,3,S,PHL,288,AV,trop,trop1,4056269,Tropical japonica,8,18,7,3
2011-05-01 00:00:00,80,10,61,20,1,63,3,60,BC60,60,12,36,18,6,Indonesia,1993WS,3,2,6,6,148,2,12,7,1993-11-17 00:00:00,1993-11-19 00:00:00,1993-07-14 00:00:00,2014-07-15 15:34:44.513283,3363719,1,5,8.6,2.9,2.1,128417,103,60,IRIS 313-10953,1,11,15,2,75,4,42,2,1,2.3,Y,60,IDN,2,1,3,26,A,1,5,5,10,18,1,1,20,3,O.SDB,PDBMGCMG::RGC25469-1,25469,O. sativa,O. sativa,3,S,PHL,288,AV,trop,trop1,4056265,Tropical japonica,8,18,7,3
2011-05-01 00:00:00,80,52,61,52,9,60,3,60,AN78,61,14,42,20,8,Indonesia,1993WS,3,2,5,7,158,2,20,3,1993-11-17 00:00:00,1993-11-19 00:00:00,1993-07-14 00:00:00,2014-07-15 15:34:44.513283,3363175,1,5,9.3,3.6,2.6,128417,124,60,IRIS 313-11497,4,11,22,2,80,4,42,4,1,1.3,Y,60,IDN,2,1,3,24,A,1,1,3,10,32,2,1,70,3,O.SDB,PDBMGCMG::RGC25469-1,54252,O. sativa,O. sativa,3,S,PHL,288,AV,ind2,ind2,4056265,Japonica,9,21,9,3
2011-05-01 00:00:00,80,80,80,52,9,60,3,60,BC50,80,12,36,18,6,Indonesia,1993WS,3,2,5,6,139,3,22,9,1993-11-17 00:00:00,1993-11-19 00:00:00,1993-07-14 00:00:00,2014-07-15 15:34:44.513283,3363729,1,5,7.7,2.9,2.3,128417,143,60,IRIS 313-10943,4,11,23,2,71,4,20,4,1,1.8,Y,60,IDN,2,1,3,21,A,1,5,5,10,19,1,1,20,3,O.SDB,PDBMGCMG::RGC25469-1,24757,O. sativa,O. sativa,3,S,PHL,288,AV,ind3,ind3,4056265,Indica,8,18,7,3
2011-05-01 00:00:00,80,10,61,52,9,60,3,60,BC61,60,12,36,18,6,Indonesia,1993WS,3,2,5,7,154,2,14,9,1993-11-17 00:00:00,1993-11-19 00:00:00,1993-07-14 00:00:00,2014-07-15 15:34:44.513283,3363718,1,5,8.4,3.2,3,127700,115,60,IRIS 313-10954,4,11,23,2,73,4,20,4,1,2,Y,60,IDN,2,1,4,32,A,1,5,5,10,24,1,1,20,3,O.SDB,PDGRMDL1::RGC25493-1,25493,O. sativa,O. sativa,3,S,PHL,288,AV,ind3,ind3,4056264,Indica,8,18,7,3
2011-05-01 00:00:00,80,20,61,20,9,63,3,60,AN79,61,14,42,20,8,Indonesia,1993WS,3,2,5,6,141,2,20,1,1993-11-17 00:00:00,1993-11-19 00:00:00,1993-07-14 00:00:00,2014-07-15 15:34:44.513283,3363174,1,7,9.5,3.7,3,132023,133,60,IRIS 313-11498,2,11,25,2,71,4,20,4,1,2.1,Y,60,IDN,2,1,4,34,A,1,1,5,80,31,2,1,20,3,O.SDB,PDGRMDL1::RGC25493-1,54266,O. sativa,O. sativa,5,S,PHL,288,AV,trop,trop1,4056264,Temperate japonica,9,21,9,3
2011-05-01 00:00:00,80,80,80,20,9,60,3,84,BG47,80,14,42,20,8,Indonesia,1993WS,3,2,5,6,145,2,16,9,1993-11-17 00:00:00,1993-11-19 00:00:00,1993-07-14 00:00:00,2014-07-15 15:34:44.513283,3363360,1,3,7.7,3,1.3,132023,128,41,IRIS 313-11312,1,84,20,2,69,4,82,4,5,1.7,Y,60,IDN,2,1,3,26,A,1,9,5,10,48,2,1,80,1,O.SDB,PDGRMDL1::RGC25493-1,43496,O. sativa,O. sativa,5,S,PHL,288,AV,ind3,ind3,4056264,Indica,9,21,9,3
2011-05-01 00:00:00,80,10,61,20,9,60,3,60,BC62,60,12,36,18,6,Indonesia,1993WS,3,1,4,6,143,2,13,9,1993-11-17 00:00:00,1993-11-19 00:00:00,1993-07-14 00:00:00,2014-07-15 15:34:44.513283,3363717,1,5,5.9,3,1.6,127702,108,60,IRIS 313-10955,1,11,14,2,60,3,20,4,1,1.5,Y,60,IDN,2,7,3,25,A,1,5,5,10,20,1,1,20,3,O.SDB,PDF::RGC25532-1,25532,O. sativa,O. sativa,3,S,PHL,288,AV,ind3,ind3,4056263,Indica,8,18,7,3
2011-05-01 00:00:00,80,20,61,20,9,63,3,60,BG48,61,14,42,20,8,Indonesia,1993WS,3,2,5,4,105,2,10,1,1993-11-17 00:00:00,1993-11-19 00:00:00,1993-07-14 00:00:00,2014-07-15 15:34:44.513283,3363359,1,7,8.2,3.8,2.2,128420,102,60,IRIS 313-11313,1,11,20,2,53,3,20,2,1,2,Y,60,IDN,2,3,3,26,A,1,9,5,10,26,1,1,20,3,O.SDB,PDRMD::RGC43515-1,43515,O. sativa,O. sativa,3,S,PHL,288,AV,trop,trop1,4056119,Tropical japonica,9,21,9,3
2010-11-01 00:00:00,80,80,61,20,9,63,3,60,AK58,61,14,42,20,8,Indonesia,1993WS,3,2,5,4,104,2,13,3,1993-11-17 00:00:00,1993-11-19 00:00:00,1993-07-14 00:00:00,2014-07-15 15:34:44.513283,3304986,1,5,8,3.4,2.4,126345,100,41,IRIS 313-8865,3,11,10,2,61,4,90,4,1,1.4,Y,60,IDN,2,7,2,18,A,1,9,5,10,22,1,1,20,1,O.SDB,PDSF::RGC48803-1,48803,O. sativa,O. sativa,3,S,PHL,288,AV,trop,trop1,3059688,Tropical japonica,9,21,9,3
2010-11-01 00:00:00,80,80,61,20,9,60,3,60,AS20,61,15,44,21,8,Indonesia,1991WS,7,2,6,6,136,2,17,3,1991-10-30 00:00:00,1991-11-03 00:00:00,1991-06-26 00:00:00,2014-07-15 15:34:44.513283,3362770,1,5,8.2,2.6,1.8,132287,131,41,IRIS 313-11904,3,11,17,2,60,3,42,2,5,1.4,Y,81,IDN,2,3,3,24,A,1,9,7,10,25,1,1,20,1,O.SDB,PDSF::RGC48803-1,73762,O. sativa,O. sativa,3,S,PHL,288,AV,ind3,ind3,3059688,Indica,9,22,10,3
2010-11-01 00:00:00,80,80,61,70,9,60,3,84,AN80,61,14,42,20,8,Indonesia,1991WS,3,2,5,4,95,1,7,3,1991-10-30 00:00:00,1991-11-03 00:00:00,1991-06-26 00:00:00,2014-07-15 15:34:44.513283,3363173,1,7,8.4,3.1,2.8,132024,68,84,IRIS 313-11499,4,11,15,2,43,3,42,4,3,1.5,Y,81,IDN,2,1,3,30,A,1,2,5,10,43,2,1,20,3,O.SDB,PDSF::RGC48803-1,54295,O. sativa,O. sativa,3,S,PHL,288,AV,trop,trop1,3059688,Indica,9,21,9,3
2011-05-01 00:00:00,80,80,61,80,5,60,3,84,BD17,60,12,36,18,6,Indonesia,1991WS,3,2,5,5,129,1,9,7,1991-10-30 00:00:00,1991-11-03 00:00:00,1991-06-26 00:00:00,2014-07-15 15:34:44.513283,3363669,1,5,9.2,3.1,2.4,127918,89,80,IRIS 313-11003,4,11,20,2,67,4,90,4,1,1.7,Y,81,IDN,2,1,3,29,A,1,5,1,10,29,1,1,80,3,O.SDB,PMD::RGC27254-1,27254,O. sativa,O. sativa,3,S,PHL,288,AV,trop,trop1,4056239,Tropical japonica,8,18,7,3
2011-05-01 00:00:00,80,80,61,40,5,60,3,60,BA92,60,12,36,18,6,Indonesia,1991WS,3,2,5,5,118,2,11,1,1991-10-30 00:00:00,1991-11-03 00:00:00,1991-06-26 00:00:00,2014-07-15 15:34:44.513283,3363873,1,5,8.6,3.8,3.1,127704,88,60,IRIS 313-10799,4,11,20,2,67,4,20,4,1,1.8,Y,81,IDN,2,1,4,34,A,1,1,1,10,34,2,1,20,3,O.SDB,PMG::RGC18418-1,18418,O. sativa,O. sativa,3,S,PHL,288,AV,trop,trop1,4056338,Tropical japonica,8,18,7,3
2011-05-01 00:00:00,80,10,61,20,5,60,3,60,BD18,60,12,36,18,6,Indonesia,1991WS,3,2,5,6,145,2,13,7,1991-10-30 00:00:00,1991-11-03 00:00:00,1991-06-26 00:00:00,2014-07-15 15:34:44.513283,3363668,1,5,9,3.4,3.1,128423,89,60,IRIS 313-11004,4,11,17,2,60,3,20,4,1,1.6,Y,81,IDN,2,1,4,34,A,1,1,5,70,26,1,1,20,3,O.SDB,PSMGL::RGC27297-1,27297,O. sativa,O. sativa,3,S,PHL,288,AV,trop,trop1,4056238,Tropical japonica,8,18,7,3
2011-05-01 00:00:00,80,80,61,80,5,60,3,60,BD15,60,12,36,18,6,Indonesia,1991WS,3,2,5,6,136,1,9,7,1991-10-30 00:00:00,1991-11-03 00:00:00,1991-06-26 00:00:00,2014-07-15 15:34:44.513283,3363671,2,7,9.9,3,2.6,128421,89,60,IRIS 313-11001,4,11,15,2,59,3,80,4,1,1.6,Y,81,IDN,2,1,3,28,A,1,5,1,70,28,1,1,80,3,O.SDB,PDSBD::RGC27222-1,27222,O. sativa,O. sativa,3,S,PHL,288,AV,trop,trop1,4056241,Tropical japonica,8,18,7,3
2012-05-01 00:00:00,80,10,61,20,5,63,3,60,BA93,60,12,36,18,6,Indonesia,1991WS,7,1,4,7,154,2,14,7,1991-10-30 00:00:00,1991-11-03 00:00:00,1991-06-26 00:00:00,2014-07-15 15:34:44.513283,3363872,1,5,10.1,2.7,2.9,128127,115,60,IRIS 313-10800,4,11,13,2,66,4,20,4,1,1.6,Y,81,IDN,2,1,4,33,A,1,5,1,10,26,1,1,20,3,O.SDB,PLDMLD::RGC18426-2,18426,O. sativa,O. sativa,3,S,PHL,288,AV,trop,trop1,4055178,Japonica,8,18,7,3
2012-05-01 00:00:00,80,80,61,80,5,63,3,60,BB1,60,12,36,18,6,Indonesia,1991WS,3,1,4,6,143,2,13,1,1991-10-30 00:00:00,1991-11-03 00:00:00,1991-06-26 00:00:00,2014-07-15 15:34:44.513283,3363871,1,7,8.9,3.2,3.2,132378,115,60,IRIS 313-10801,4,11,19,2,57,3,20,4,1,2,Y,81,IDN,2,1,4,35,A,1,5,1,10,39,2,1,20,3,O.SDB,PLDMLD::RGC18426-2,18456,O. sativa,O. sativa,3,S,PHL,288,AV,trop,trop1,4055178,Japonica,8,18,7,3
2012-05-01 00:00:00,20,20,61,80,5,60,3,60,AS87,61,15,44,21,8,Indonesia,1993WS,5,2,4,6,143,2,13,1,1993-11-08 00:00:00,1993-11-10 00:00:00,1993-07-14 00:00:00,2014-07-15 15:34:44.513283,3362703,2,7,10.9,3.1,3.2,132029,119,41,IRIS 313-11971,4,11,19,2,57,4,20,2,1,2,Y,60,IDN,2,1,4,35,A,1,1,9,10,39,2,1,20,1,O.SDB,PLDMLD::RGC18426-2,77601,O. sativa,O. sativa,3,S,PHL,288,AV,trop,trop1,4055178,Japonica,9,21,9,3
2012-05-01 00:00:00,80,80,61,80,5,60,3,60,BC55,61,15,44,21,8,Indonesia,2001WS,5,2,4,7,143,2,13,3,2001-09-12 00:00:00,2001-09-17 00:00:00,2001-05-28 00:00:00,2005-09-01 00:00:00,3363724,1,7,8.5,2.7,2.3,132363,112,84,IRIS 313-10948,5,11,19,2,57,5,91,4,3,2,Y,60,IDN,2,1,4,35,A,1,5,9,10,39,2,1,20,3,O.SDB,PLDMLD::RGC18426-2,25074,O. sativa,O. sativa,3,S,PHL,288,AV,admx,admix,4055178,Intermediate type,9,21,9,3
2012-05-01 00:00:00,20,20,61,80,5,60,3,60,AS21,61,15,44,21,8,Indonesia,1991WS,7,2,5,5,112,3,23,3,1991-11-03 00:00:00,1991-11-06 00:00:00,1991-06-26 00:00:00,2005-09-01 00:00:00,3362769,1,3,8.3,2.6,2,132414,134,41,IRIS 313-11905,3,11,18,2,41,3,20,3,7,1.5,Y,60,IDN,2,3,3,22,A,1,9,7,10,27,1,1,20,1,O.SDB,PLDMLD::RGC18426-2,73778,O. sativa,O. sativa,5,S,PHL,288,AV,ind3,ind3,4055178,Indica,9,22,10,3
2012-05-01 00:00:00,20,20,61,80,5,63,3,60,BG49,61,14,42,20,8,Indonesia,1991WS,3,2,5,6,134,2,15,1,1991-11-03 00:00:00,1991-11-06 00:00:00,1991-06-26 00:00:00,2005-09-01 00:00:00,3363358,1,5,9.6,3,2.2,132379,120,60,IRIS 313-11314,1,11,20,2,64,4,20,2,1,1.5,Y,60,IDN,2,1,3,30,A,1,9,5,10,47,2,1,20,3,O.SDB,PLDMLD::RGC18426-2,43538,O. sativa,O. sativa,5,S,PHL,288,AV,trop,trop1,4055178,Tropical japonica,9,21,9,3
2012-05-01 00:00:00,20,20,61,80,5,60,3,60,BG50,61,14,42,20,8,Indonesia,1991WS,3,2,5,6,143,2,15,5,1991-11-03 00:00:00,1991-11-06 00:00:00,1991-06-26 00:00:00,2005-09-01 00:00:00,3363357,1,7,9,2.8,2.3,128131,120,41,IRIS 313-11315,3,11,24,2,70,4,20,2,3,1.4,Y,60,IDN,2,1,3,21,A,1,9,5,10,47,2,1,20,3,O.SDB,PMDCLMG::RGC43542-2,43542,O. sativa,O. sativa,3,S,PHL,288,AV,ind3,ind3,4054964,Indica,9,21,9,3
2012-05-01 00:00:00,20,10,61,20,5,63,3,60,BB2,60,12,36,18,6,Indonesia,1991WS,7,2,5,6,138,2,14,1,1991-11-03 00:00:00,1991-11-06 00:00:00,1991-06-26 00:00:00,2005-09-01 00:00:00,3363870,1,7,7.8,3.7,2.7,128131,106,60,IRIS 313-10802,3,11,22,2,65,4,20,2,1,2,Y,60,IDN,2,1,4,34,A,1,1,1,10,32,2,1,20,3,O.SDB,PMDCLMG::RGC43542-2,18484,O. sativa,O. sativa,3,S,PHL,288,AV,trop,trop1,4054964,Japonica,8,18,7,3
2010-11-01 00:00:00,20,80,61,40,1,63,3,60,AK46,60,11,35,18,6,Indonesia,1991WS,3,2,5,4,108,2,13,7,1991-11-03 00:00:00,1991-11-06 00:00:00,1991-06-26 00:00:00,2005-09-01 00:00:00,3305415,1,3,8.7,3.2,2.6,126307,120,60,IRIS 313-8436,3,11,18,2,52,3,42,2,1,1.6,Y,60,IDN,2,1,4,34,A,1,5,1,10,35,2,1,40,3,O.SDB,PCDMS::RGC18487-1,18487,O. sativa,O. sativa,3,S,PHL,288,AV,trop,trop1,3060094,Tropical japonica,8,18,7,3
2010-11-01 00:00:00,20,10,61,20,1,63,3,60,BB3,60,12,36,18,6,Indonesia,1991WS,3,2,5,7,162,2,13,7,1991-11-03 00:00:00,1991-11-06 00:00:00,1991-06-26 00:00:00,2005-09-01 00:00:00,3363869,1,5,8.4,3.3,2.4,126307,99,60,IRIS 313-10803,3,11,18,2,65,4,54,2,1,2.1,Y,60,IDN,2,1,4,35,A,1,5,1,10,34,2,1,20,5,O.SDB,PCDMS::RGC18487-1,18494,O. sativa,O. sativa,3,S,PHL,288,AV,trop,trop1,3060094,Japonica,8,18,7,3
2009-12-01 00:00:00,20,80,61,80,5,60,3,84,AB53,60,12,36,18,6,Indonesia,1991WS,1,2,6,5,129,2,10,9,1991-11-03 00:00:00,1991-11-06 00:00:00,1991-06-26 00:00:00,2005-09-01 00:00:00,3305527,2,5,8.9,3.4,2.7,121474,116,80,IRIS 313-8324,3,11,18,2,62,4,20,2,1,1.9,Y,60,IDN,2,1,3,29,A,1,5,1,10,34,2,1,20,3,O.SDB,PMDM::RGC8193-1,8193,O. sativa,O. sativa,5,S,PHL,288,AV,admx,admix,3060196,Tropical japonica, Admx,8,18,7,3
2011-05-01 00:00:00,20,20,61,80,5,63,3,60,AS76,61,14,43,21,8,Indonesia,1990WS,1,2,5,2,58,3,27,1,1990-08-20 00:00:00,1990-08-23 00:00:00,1990-05-28 00:00:00,2005-09-01 00:00:00,3362714,1,1,9.4,2.5,2.3,127740,88,41,IRIS 313-11960,3,11,15,2,38,2,20,4,5,1.1,Y,60,IDN,2,7,3,25,A,1,9,5,10,40,2,1,20,1,O.SDB,PRMG::RGC76983-1,76983,O. sativa,O. sativa,3,S,PHL,288,AV,ind1,ind1B,4055601,Indica,9,22,10,3
2011-05-01 00:00:00,20,80,61,80,5,63,3,60,BB4,60,12,36,18,6,Indonesia,1990WS,1,1,4,5,126,2,19,7,1990-08-20 00:00:00,1990-08-23 00:00:00,1990-05-28 00:00:00,2005-09-01 00:00:00,3363868,1,5,7.8,2.1,2.2,127740,115,60,IRIS 313-10804,3,11,19,2,53,3,53,4,1,1.9,Y,60,IDN,2,1,3,30,A,1,5,1,10,30,2,1,20,3,O.SDB,PRMG::RGC76983-1,18512,O. sativa,O. sativa,3,S,PHL,288,AV,ind3,ind3,4055601,Indica,8,18,7,3
2011-05-01 00:00:00,20,80,61,80,5,63,3,84,BB5,60,12,36,18,6,Indonesia,1990WS,3,2,5,6,142,1,9,1,1990-08-20 00:00:00,1990-08-23 00:00:00,1990-05-28 00:00:00,2005-09-01 00:00:00,3363867,2,5,8.3,3.4,2.6,127746,99,60,IRIS 313-10805,3,11,21,2,55,3,20,4,1,2.1,Y,60,IDN,2,1,3,30,A,1,5,1,10,31,2,1,20,3,O.SDB,PL::RGC18519-1,18519,O. sativa,O. sativa,3,S,PHL,288,AV,trop,trop1,4056337,Japonica,8,18,7,3
2012-05-01 00:00:00,20,80,61,80,5,60,3,60,BD19,60,12,36,18,6,Indonesia,1990WS,3,2,5,5,129,2,16,9,1990-08-20 00:00:00,1990-08-23 00:00:00,1990-05-28 00:00:00,2005-09-01 00:00:00,3363667,2,5,9,3.4,2.6,128140,110,60,IRIS 313-11005,3,11,19,2,68,4,80,4,1,1.5,Y,60,IDN,2,1,3,24,A,1,9,1,80,21,1,1,20,3,O.SDB,PLDMG::RGC27380-2,27380,O. sativa,O. sativa,5,S,PHL,288,AV,trop,trop1,4055110,Japonica,8,18,7,3
2011-05-01 00:00:00,20,10,61,80,5,60,3,60,BD20,61,14,42,20,8,Indonesia,1990WS,1,2,5,7,155,2,16,3,1990-08-20 00:00:00,1990-08-23 00:00:00,1990-05-28 00:00:00,2005-09-01 00:00:00,3363666,1,5,8,3,2.6,127747,118,60,IRIS 313-11006,5,11,35,2,64,4,42,2,5,1.7,Y,60,IDN,2,1,3,26,A,1,1,5,10,46,2,1,20,3,O.SDB,PLRM::RGC27386-1,27386,O. sativa,O. sativa,3,S,PHL,288,AV,ind3,ind3,4056237,Indica,9,21,9,3
2010-05-01 00:00:00,20,10,61,80,5,60,3,60,AH64,60,12,36,18,6,Indonesia,1990WS,3,1,4,5,130,2,16,7,1990-08-20 00:00:00,1990-08-23 00:00:00,1990-05-28 00:00:00,2005-09-01 00:00:00,3305126,1,5,7.8,2.5,1.7,126262,117,41,IRIS 313-8725,5,11,18,2,61,4,53,2,1,1.7,Y,60,IDN,2,1,3,26,A,1,9,1,10,27,1,1,20,3,O.SDB,PLDBR::RGC27393-1,27393,O. sativa,O. sativa,3,S,PHL,288,AV,ind3,ind3,3059817,Indica,8,18,7,3
2012-05-01 00:00:00,20,80,61,80,5,60,3,84,BD21,60,12,36,18,6,Indonesia,1990WS,1,2,5,6,131,2,13,7,1990-08-20 00:00:00,1990-08-23 00:00:00,1990-05-28 00:00:00,2005-09-01 00:00:00,3363665,1,5,8.3,3.5,2.7,128141,110,80,IRIS 313-11007,5,11,22,2,65,4,20,2,1,1.9,Y,60,IDN,2,1,3,29,A,1,1,1,10,29,1,1,20,3,O.SDB,PLDBMG::RGC27397-2,27397,O. sativa,O. sativa,3,S,PHL,288,AV,trop,trop1,4055109,Japonica,8,18,7,3
2012-05-01 00:00:00,20,80,61,40,5,60,3,60,BD22,60,12,36,18,6,Indonesia,1990WS,3,1,4,6,150,2,11,7,1990-08-20 00:00:00,1990-08-23 00:00:00,1990-05-28 00:00:00,2005-09-01 00:00:00,3363664,1,7,9,3.2,2.8,128142,96,60,IRIS 313-11008,5,11,23,2,60,3,42,2,1,1.6,Y,60,IDN,2,1,3,28,A,1,5,1,10,31,2,1,70,3,O.SDB,PLDCMRM::RGC27400-2,27400,O. sativa,O. sativa,3,S,PHL,288,AV,trop,trop1,4055108,Japonica,8,18,7,3
2011-05-01 00:00:00,20,80,61,40,5,60,3,60,BD23,60,12,36,18,6,Indonesia,1990WS,3,1,4,6,133,2,11,9,1990-08-20 00:00:00,1990-08-23 00:00:00,1990-05-28 00:00:00,2005-09-01 00:00:00,3363663,1,5,9.8,3.2,2.8,127749,89,60,IRIS 313-11009,5,11,14,2,64,4,80,2,1,1.6,Y,60,IDN,2,1,3,29,A,1,9,5,70,29,1,1,80,3,O.SDB,PLDLF::RGC27403-1,27403,O. sativa,O. sativa,3,S,PHL,288,AV,trop,trop1,4056236,Tropical japonica,8,18,7,3
2011-05-01 00:00:00,20,20,61,20,1,60,3,60,AT89,61,15,44,21,8,Indonesia,1997WS,3,2,4,6,133,2,11,3,1997-09-08 00:00:00,1997-09-11 00:00:00,1997-06-04 00:00:00,2005-09-01 00:00:00,3362606,2,5,9.2,3.2,2.9,132262,99,60,IRIS 313-12068,5,11,14,2,64,4,20,5,5,1.6,Y,60,IDN,2,1,4,29,A,1,9,5,80,29,2,1,20,3,O.SDB,PLDLF::RGC27403-1,82674,O. sativa,O. sativa,3,S,PHL,288,AV,trop,trop1,4056236,Tropical japonica,9,21,9,3
2011-05-01 00:00:00,80,80,61,80,1,60,3,84,AT90,61,15,44,21,8,Indonesia,1997WS,3,2,4,5,133,2,11,3,1997-09-12 00:00:00,1997-09-15 00:00:00,1997-06-04 00:00:00,2005-09-01 00:00:00,3362605,2,1,9,2.3,2,128438,103,41,IRIS 313-12069,5,11,14,2,64,4,42,4,5,1.6,Y,60,IDN,2,1,4,29,A,1,9,5,10,29,2,1,20,3,O.SDB,PLDMS::RGC82676-1,82676,O. sativa,O. sativa,3,S,PHL,288,AV,trop,trop1,4055503,Tropical japonica,9,21,9,3
2011-05-01 00:00:00,20,10,61,20,7,61,3,60,AV75,61,15,44,21,8,Indonesia,2002WS,5,2,4,7,133,2,11,3,2002-11-20 00:00:00,2002-11-25 00:00:00,2002-06-06 00:00:00,2005-09-07 00:00:00,3362434,1,5,9.1,2.6,2.5,132294,172,60,IRIS 313-12240,5,11,14,2,64,4,54,4,3,1.6,Y,60,IDN,2,1,3,29,A,1,5,5,10,29,2,1,20,3,O.SDB,PLDMS::RGC82676-1,93615,O. sativa,O. sativa,3,S,PHL,288,AV,ind3,ind3,4055503,Indica,9,21,9,3
2011-05-01 00:00:00,20,10,61,20,7,60,3,60,AX54,60,12,35,17,6,Indonesia,2002WS,1,2,6,6,149,2,20,1,2002-11-20 00:00:00,2002-11-25 00:00:00,2002-06-06 00:00:00,2005-09-07 00:00:00,3364192,1,1,8.8,3.4,2.2,132365,127,60,IRIS 313-10480,5,11,21,2,64,4,42,4,9,1.7,Y,60,IDN,2,1,3,26,A,1,5,9,10,28,1,1,20,3,O.SDB,PLDMS::RGC82676-1,3630,O. sativa,O. sativa,3,S,PHL,288,AV,ind3,indx,4055503,Indica,8,18,7,3
2011-05-01 00:00:00,20,10,61,20,7,60,3,60,BD24,60,12,36,18,6,Indonesia,2002WS,3,1,4,6,141,2,15,9,2002-11-20 00:00:00,2002-11-25 00:00:00,2002-06-06 00:00:00,2005-09-07 00:00:00,3363662,1,5,8.1,2.6,1.9,127750,96,60,IRIS 313-11010,5,11,15,2,56,3,42,4,1,1.4,Y,60,IDN,2,1,4,31,A,1,9,1,10,29,1,1,20,3,O.SDB,PLDFD::RGC27426-1,27426,O. sativa,O. sativa,3,S,PHL,288,AV,ind3,ind3,4056235,Indica,8,18,7,3
2011-05-01 00:00:00,20,70,61,20,7,60,3,60,BC44,60,12,36,18,6,Indonesia,2002WS,3,2,5,7,151,2,19,9,2002-11-20 00:00:00,2002-11-25 00:00:00,2002-06-06 00:00:00,2005-09-07 00:00:00,3363735,2,3,7.8,3.4,2.5,127750,143,60,IRIS 313-10937,5,11,23,2,62,4,54,4,1,1.8,Y,60,IDN,2,1,3,23,A,1,5,5,10,25,1,1,20,3,O.SDB,PLDFD::RGC27426-1,24624,O. sativa,O. sativa,3,S,PHL,288,AV,ind3,ind3,4056235,Indica,8,18,7,3
2011-05-01 00:00:00,20,20,61,20,7,60,3,60,AI17,61,14,43,21,8,Indonesia,1990WS,3,2,6,5,116,2,13,1,1990-11-20 00:00:00,1990-11-23 00:00:00,1990-06-13 00:00:00,2005-09-07 00:00:00,3304541,1,5,7.2,3,2.2,131946,164,60,IRIS 313-9310,5,11,24,2,57,3,20,4,1,1.6,Y,60,IDN,2,1,3,25,A,1,9,5,10,34,2,1,20,1,O.SDB,PLDFD::RGC27426-1,66614,O. sativa,O. sativa,3,S,PHL,288,AV,ind3,ind3,4056235,Indica,9,22,10,3
2012-05-01 00:00:00,20,80,61,20,7,63,3,60,BC63,60,12,36,18,6,Indonesia,1990WS,3,2,5,6,134,2,13,7,1990-11-20 00:00:00,1990-11-23 00:00:00,1990-06-13 00:00:00,2005-09-07 00:00:00,3363716,2,5,8.1,3.3,2.8,128144,115,80,IRIS 313-10956,5,11,19,2,68,4,20,4,1,2,Y,60,IDN,2,1,3,28,A,1,5,1,10,12,1,1,20,3,O.SDB,PDSDL::RGC25636-2,25636,O. sativa,O. sativa,3,S,PHL,288,AV,trop,trop1,4055126,Japonica,8,18,7,3
2012-05-01 00:00:00,20,70,61,20,1,63,3,60,BB6,60,12,36,18,6,Indonesia,1990WS,3,1,4,7,154,2,17,9,1990-11-20 00:00:00,1990-11-23 00:00:00,1990-06-13 00:00:00,2005-09-07 00:00:00,3363866,1,5,8.9,2.8,2.2,128144,120,60,IRIS 313-10806,5,11,20,2,52,3,20,4,1,1.7,Y,60,IDN,2,1,3,24,A,1,5,1,10,29,1,1,20,3,O.SDB,PDSDL::RGC25636-2,18558,O. sativa,O. sativa,3,S,PHL,288,AV,ind3,ind3,4055126,Indica,8,18,7,3
2009-11-01 00:00:00,20,80,61,20,1,60,3,60,AE13,60,12,36,18,6,Indonesia,1990WS,7,2,5,5,126,2,20,7,1990-11-20 00:00:00,1990-11-23 00:00:00,1990-06-13 00:00:00,2005-09-07 00:00:00,3304895,1,5,7.5,2.7,1.8,125882,95,60,IRIS 313-8956,5,11,24,2,53,3,54,4,1,1.3,Y,60,IDN,2,1,3,26,A,1,9,5,10,16,1,1,20,3,O.SDB,RDMCRMDMG::RGC20098-1,20098,O. sativa,O. sativa,3,S,PHL,288,AV,ind3,ind3,3059603,Indica,8,18,7,3
2009-11-01 00:00:00,20,20,61,20,1,60,3,60,AG85,61,14,42,20,8,Indonesia,1990WS,4,2,5,6,143,2,19,5,1990-11-20 00:00:00,1990-11-23 00:00:00,1990-06-13 00:00:00,2005-09-07 00:00:00,3304578,1,3,8.1,2.7,1.8,125882,170,41,IRIS 313-9273,5,11,23,2,59,3,42,4,5,1.5,Y,60,IDN,2,1,2,20,A,1,5,5,10,46,2,2,20,1,O.SDB,RDMCRMDMG::RGC20098-1,57578,O. sativa,O. sativa,5,S,PHL,288,AV,ind3,ind3,3059603,Indica,9,21,9,3
2009-11-01 00:00:00,20,10,61,20,1,60,3,60,BB7,60,12,36,18,6,Indonesia,1990WS,3,1,4,6,149,2,14,7,1990-11-20 00:00:00,1990-11-23 00:00:00,1990-06-13 00:00:00,2005-09-07 00:00:00,3363865,1,5,8.6,2.7,2.3,125882,115,60,IRIS 313-10807,5,11,20,2,79,4,54,4,1,1.4,Y,60,IDN,2,1,3,29,A,1,9,1,10,30,2,2,20,3,O.SDB,RDMCRMDMG::RGC20098-1,18595,O. sativa,O. sativa,3,S,PHL,288,AV,ind3,ind3,3059603,Indica,8,18,7,3
2009-11-01 00:00:00,20,10,61,20,1,63,3,60,AZ79,60,12,36,18,6,Indonesia,1990WS,1,1,4,3,83,2,17,1,1990-11-20 00:00:00,1990-11-23 00:00:00,1990-06-13 00:00:00,2005-09-07 00:00:00,3363980,1,1,8.8,2.8,2.7,132367,143,60,IRIS 313-10692,5,11,27,2,48,3,54,4,1,1.9,Y,60,IDN,2,9,3,23,A,1,5,1,10,26,1,2,20,3,O.SDB,RDMCRMDMG::RGC20098-1,13652,O. sativa,O. sativa,3,S,PHL,288,AV,ind3,ind3,3059603,Indica,8,18,7,3
2011-05-01 00:00:00,20,80,61,80,1,63,3,60,BC64,60,12,36,18,6,Indonesia,1990WS,3,2,5,5,127,2,13,7,1990-11-20 00:00:00,1990-11-23 00:00:00,1990-06-13 00:00:00,2005-09-07 00:00:00,3363715,1,5,9,2.8,2.1,128446,108,60,IRIS 313-10957,5,11,15,2,65,4,53,4,1,2.1,Y,60,IDN,2,1,3,26,A,1,5,1,10,13,1,3,80,3,O.SDB,RMGCFL::RGC25640-1,25640,O. sativa,O. sativa,3,S,PHL,288,AV,trop,trop1,4056262,Tropical japonica,8,18,7,3
2011-05-01 00:00:00,20,80,61,80,1,60,3,84,BG51,60,14,42,20,8,Indonesia,1990WS,3,2,5,6,141,2,15,6,1990-11-20 00:00:00,1990-11-23 00:00:00,1990-06-13 00:00:00,2005-09-07 00:00:00,3363356,1,5,6.7,2.9,1.6,128446,140,41,IRIS 313-11316,1,84,26,2,70,4,20,3,1,1.5,Y,60,IDN,2,1,3,23,A,1,1,5,10,32,2,1,20,1,O.SDB,RMGCFL::RGC25640-1,43563,O. sativa,O. sativa,5,S,PHL,288,AV,ind3,ind3,4056262,Indica,9,21,9,3
2012-05-01 00:00:00,20,10,61,80,1,60,3,60,BB8,60,12,36,18,6,Indonesia,1990WS,3,2,5,7,162,2,11,7,1990-11-20 00:00:00,1990-11-23 00:00:00,1990-06-13 00:00:00,2005-09-07 00:00:00,3363864,1,5,9.2,3.4,2.9,128147,99,60,IRIS 313-10808,1,11,18,2,62,4,20,3,1,1.9,Y,60,IDN,2,1,4,34,A,1,5,1,10,41,2,1,20,3,O.SDB,RMD::RGC18608-2,18608,O. sativa,O. sativa,3,S,PHL,288,AV,trop,trop1,4055176,Japonica,8,18,7,3
2009-11-01 00:00:00,20,10,61,80,1,60,3,60,AD79,60,12,36,18,6,Indonesia,1990WS,3,2,5,6,149,2,18,9,1990-11-20 00:00:00,1990-11-23 00:00:00,1990-06-13 00:00:00,2005-09-07 00:00:00,3305039,1,5,7.9,3.1,2.3,126160,122,60,IRIS 313-8812,1,11,22,2,66,4,54,3,1,1.5,Y,60,IDN,2,1,4,32,A,1,5,1,10,26,1,1,20,3,O.SDB,RL::RGC14623-1,14623,O. sativa,O. sativa,3,S,PHL,288,AV,ind3,ind3,3059737,Aus/boro,8,18,7,3
2010-05-01 00:00:00,20,10,61,80,1,60,3,60,AD72,60,12,36,18,6,Indonesia,1990WS,3,2,5,7,158,2,16,9,1990-11-20 00:00:00,1990-11-23 00:00:00,1990-06-13 00:00:00,2005-09-07 00:00:00,3305107,1,5,8.3,3,2.2,126266,94,60,IRIS 313-8744,1,11,20,2,73,4,20,3,1,1.5,Y,60,IDN,2,1,4,31,A,1,5,1,10,43,2,1,20,3,O.SDB,RML::RGC18624-1,18624,O. sativa,O. sativa,3,S,PHL,288,AV,ind3,ind3,3059800,Indica,8,18,7,3
2011-05-01 00:00:00,20,80,61,80,1,60,3,60,BC65,60,12,36,18,6,Indonesia,1990WS,3,2,5,5,129,2,10,7,1990-11-20 00:00:00,1990-11-23 00:00:00,1990-06-13 00:00:00,2005-09-07 00:00:00,3363714,1,7,9.4,2.3,1.8,128450,103,60,IRIS 313-10958,1,11,17,2,67,4,20,3,1,2.2,Y,60,IDN,2,1,3,29,A,1,5,5,10,15,1,1,80,3,O.SDB,RMCBLD::RGC25648-1,25648,O. sativa,O. sativa,3,S,PHL,288,AV,trop,trop1,4056261,Tropical japonica,8,18,7,3
2010-05-01 00:00:00,20,20,61,80,1,60,3,60,AC71,61,14,42,20,8,Indonesia,1990WS,3,2,5,7,161,2,16,3,1990-11-20 00:00:00,1990-11-23 00:00:00,1990-06-13 00:00:00,2005-09-07 00:00:00,3304612,1,5,10.1,3.3,2.9,126268,109,60,IRIS 313-9239,5,11,19,2,70,4,42,4,1,1.5,Y,60,IDN,2,1,3,23,A,1,1,5,10,48,2,1,80,3,O.SDB,RMBM::RGC43741-1,43741,O. sativa,O. sativa,3,S,PHL,288,AV,trop,trop1,3059355,Temperate japonica,9,21,9,3
2010-01-01 00:00:00,20,60,62,80,1,63,3,60,AD21,61,14,42,20,8,Indonesia,2009WS,1,2,5.6,7,88,2,17,9,2009-09-09 00:00:00,2009-09-11 00:00:00,2009-06-17 00:00:00,2014-07-14 17:10:47.199367,3303439,1,1,7.5,2.8,3,121103,85,60,IRIS 313-10412,3,11,13,3,38.8,4,20,4,7,1.3,Y,60,IDN,3,9,3,25.4,A,1,3,3,10,35,2,1,20,3,O.SDB,RR272-17-829::RGC117354-1,117354,O. sativa,O. sativa,4,S,PHL,288,AV,indx,indx,3058788,Indica,9,21,9,3
2012-05-01 00:00:00,20,20,61,80,1,60,3,60,BF6,61,14,42,20,8,Indonesia,2009WS,2,2,6,7,160,2,11,7,2009-09-09 00:00:00,2009-09-11 00:00:00,2009-06-17 00:00:00,2014-07-14 17:10:47.199367,3363494,1,5,9.8,3,2.8,128152,124,60,IRIS 313-11178,5,11,20,2,74,4,20,4,3,1.4,Y,60,IDN,2,3,3,30,A,1,2,5,10,57,2,1,20,3,O.SDB,RGCDM::RGC35446-2,35446,O. sativa,O. sativa,1,S,PHL,288,AV,ind3,ind3,4055042,Indica,9,21,9,3
2011-05-01 00:00:00,20,20,61,80,1,60,3,60,BE83,61,14,42,20,8,Indonesia,2009WS,2,1,4,3,73,2,17,1,2009-09-09 00:00:00,2009-09-11 00:00:00,2009-06-17 00:00:00,2014-07-14 17:10:47.199367,3363510,1,5,10.6,2.9,2.6,127775,88,60,IRIS 313-11162,1,11,27,2,58,3,20,4,1,1.5,Y,60,IDN,2,5,3,25,A,1,7,3,10,36,2,1,20,3,O.SDB,SBRM::RGC34630-1,34630,O. sativa,O. sativa,1,S,PHL,288,AV,ind1,ind1B,4056171,Indica,9,21,9,3
2010-11-01 00:00:00,20,80,61,80,1,63,3,60,AK64,61,14,42,20,8,Indonesia,2009WS,3,2,5,4,102,2,10,3,2009-09-09 00:00:00,2009-09-11 00:00:00,2009-06-17 00:00:00,2014-07-14 17:10:47.199367,3304381,1,5,7.9,2.9,2,126310,116,41,IRIS 313-9470,3,11,14,2,60,3,42,3,3,1.9,Y,60,IDN,2,1,3,26,A,1,8,5,70,28,1,1,80,3,O.SDB,SLFCS::RGC66630-1,66630,O. sativa,O. sativa,3,S,PHL,288,AV,trop,trop1,3059145,Tropical japonica,9,21,9,3
2012-05-01 00:00:00,20,80,61,20,5,63,3,60,BB9,60,12,36,18,6,Indonesia,2009WS,7,2,5,6,147,2,15,1,2009-09-09 00:00:00,2009-09-11 00:00:00,2009-06-17 00:00:00,2014-07-14 17:10:47.199367,3363863,1,5,8.2,3.5,2.7,128158,106,80,IRIS 313-10809,3,11,16,2,62,4,54,3,1,2.3,Y,60,IDN,2,1,3,30,A,1,5,1,10,32,2,1,20,3,O.SDB,SMFMGCMG::RGC18678-2,18678,O. sativa,O. sativa,3,S,PHL,288,AV,trop,trop1,4055175,Japonica,8,18,7,3
2012-05-01 00:00:00,80,80,62,20,5,60,3,84,AH32,61,12,36,18,6,Indonesia,2009WS,5,2,8.2,6,129,2,11,9,2009-11-17 00:00:00,2009-11-20 00:00:00,2009-06-17 00:00:00,2014-07-14 17:10:51.542552,3305394,1,5,6.5,2.9,2.5,128158,154,60,IRIS 313-8457,5,11,22,3,56.6,4,91,4,5,1.3,Y,60,IDN,4,5,3,23.6,A,1,3,5,10,39,2,2,80,3,O.SDB,SMFMGCMG::RGC18678-2,66631,O. sativa,O. sativa,4,S,PHL,288,AV,ind3,ind3,4055175,Indica,8,18,7,3
2012-05-01 00:00:00,80,10,61,20,1,63,3,60,BB10,60,12,36,18,6,Indonesia,2009WS,7,2,5,7,181,2,12,9,2009-11-17 00:00:00,2009-11-20 00:00:00,2009-06-17 00:00:00,2014-07-14 17:10:51.542552,3363862,1,5,9.6,3.3,2.7,128158,106,60,IRIS 313-10810,5,11,24,3,70,4,54,4,1,1.8,Y,60,IDN,4,1,3,27,A,1,5,1,10,44,2,2,20,3,O.SDB,SMFMGCMG::RGC18678-2,18724,O. sativa,O. sativa,3,S,PHL,288,AV,ind3,ind3,4055175,Indica,8,18,7,3
2011-05-01 00:00:00,80,80,61,20,1,60,3,60,AV76,61,15,36,21,8,Indonesia,2002WS,3,1,5,5,181,2,12,3,2002-09-16 00:00:00,2002-09-20 00:00:00,2002-06-06 00:00:00,2005-09-07 00:00:00,3362433,1,5,8.3,2.3,2.1,127793,106,60,IRIS 313-12241,5,11,24,2,70,4,20,4,3,1.8,Y,60,IDN,2,1,3,27,A,3,9,5,10,44,2,1,20,3,O.SDB,SMDMG::RGC93633-1,93633,O. sativa,O. sativa,3,S,PHL,288,AV,trop,trop1,4055349,Tropical japonica,8,18,7,3
2012-05-01 00:00:00,80,10,61,20,1,60,3,60,BB11,60,12,36,18,6,Indonesia,2002WS,3,1,4,6,146,2,18,7,2002-09-16 00:00:00,2002-09-20 00:00:00,2002-06-06 00:00:00,2005-09-07 00:00:00,3363861,1,5,8.7,3.4,2.9,128160,94,60,IRIS 313-10811,5,11,25,2,80,4,20,4,1,1.4,Y,60,IDN,2,1,3,28,A,3,1,5,10,40,2,1,20,3,O.SDB,SMFR::RGC18761-2,18761,O. sativa,O. sativa,3,S,PHL,288,AV,ind3,indx,4055174,Indica,8,18,7,3
2011-05-01 00:00:00,20,20,61,80,1,60,2,60,BA36,61,15,44,21,8,Indonesia,1991WS,3,2,5,3,72,1,6,1,1991-09-29 00:00:00,1991-10-02 00:00:00,1991-06-26 00:00:00,2005-09-07 00:00:00,3363929,1,3,7.5,2.9,2.7,128465,99,60,IRIS 313-10743,3,11,13,2,51,3,20,4,3,1.6,Y,60,IDN,2,3,3,23,A,1,9,5,50,19,1,1,20,1,O.SDB,SRG::RGC16565-1,16565,O. sativa,O. sativa,3,S,PHL,288,AV,trop,trop1,4056364,Tropical japonica,9,22,10,3
2011-05-01 00:00:00,20,10,61,20,5,60,3,84,AZ80,60,12,36,18,6,Indonesia,1991WS,1,2,6,5,127,2,11,1,1991-09-29 00:00:00,1991-10-02 00:00:00,1991-06-26 00:00:00,2005-09-07 00:00:00,3363979,1,7,8.9,3.3,3.6,132268,112,80,IRIS 313-10693,3,11,18,2,55,3,20,4,1,2.1,Y,60,IDN,2,1,4,33,A,1,1,1,10,39,2,1,20,5,O.SDB,SRG::RGC16565-1,13732,O. sativa,O. sativa,3,S,PHL,288,AV,trop,trop1,4056364,Japonica,8,18,7,3
2011-05-01 00:00:00,20,10,61,20,5,63,3,60,BB12,60,12,36,18,6,Indonesia,1991WS,3,2,5,7,164,2,13,7,1991-09-29 00:00:00,1991-10-02 00:00:00,1991-06-26 00:00:00,2005-09-07 00:00:00,3363860,1,5,8.2,2.8,2.1,132268,115,60,IRIS 313-10812,3,11,20,2,72,4,20,4,1,1.7,Y,60,IDN,2,1,4,31,A,1,5,1,10,38,2,1,20,3,O.SDB,SRG::RGC16565-1,18789,O. sativa,O. sativa,3,S,PHL,288,AV,ind3,ind3,4056364,Indica,8,18,7,3
2011-05-01 00:00:00,20,20,61,20,5,60,3,60,AH51,61,14,43,21,8,Indonesia,1990WS,1,2,6.3,6,136,2,17,1,1990-11-06 00:00:00,1990-11-09 00:00:00,1990-06-13 00:00:00,2005-09-07 00:00:00,3305243,1,5,9.1,2.6,2.6,132385,150,60,IRIS 313-8608,5,11,20,2,74,4,42,4,1,1.8,Y,60,IDN,2,1,3,27,A,1,9,5,10,38,2,1,20,3,O.SDB,SRG::RGC16565-1,66649,O. sativa,O. sativa,1,S,PHL,288,AV,ind3,ind3,4056364,Indica,9,22,10,3
2011-05-01 00:00:00,20,20,61,20,5,60,3,60,AI01,61,14,43,21,8,Indonesia,1990WS,1,2,7,5,128,2,16,1,1990-11-11 00:00:00,1990-11-15 00:00:00,1990-06-13 00:00:00,2005-09-07 00:00:00,3304753,1,5,6.9,2.9,1.6,132385,156,60,IRIS 313-9098,5,11,20,2,56,3,54,4,1,1.4,Y,60,IDN,2,1,3,27,A,1,9,5,10,36,2,1,20,1,O.SDB,SRG::RGC16565-1,66659,O. sativa,O. sativa,7,S,PHL,288,AV,ind3,ind3,4056364,Indica,9,22,10,3
2011-05-01 00:00:00,20,80,80,20,5,60,3,84,BF7,80,12,36,18,6,Indonesia,1990WS,3,2,5,5,118,2,12,9,1990-11-11 00:00:00,1990-11-15 00:00:00,1990-06-13 00:00:00,2005-09-07 00:00:00,3363493,1,7,8.1,3.2,2.5,127810,102,60,IRIS 313-11179,5,11,24,2,58,3,20,4,1,1.1,Y,60,IDN,2,1,3,26,A,1,9,5,10,53,2,1,80,3,O.SDB,SMFMLM::RGC35481-1,35481,O. sativa,O. sativa,5,S,PHL,288,AV,ind3,ind3,4056156,Indica,8,18,7,3
2012-05-01 00:00:00,20,20,61,20,1,61,3,60,BG52,61,14,42,20,8,Indonesia,1990WS,3,2,6,7,163,2,13,5,1990-11-11 00:00:00,1990-11-15 00:00:00,1990-06-13 00:00:00,2005-09-07 00:00:00,3363355,1,7,10.2,2.5,2.3,128167,117,60,IRIS 313-11317,5,11,21,2,75,4,20,4,5,1.9,Y,60,IDN,2,3,3,27,A,1,9,5,70,52,2,1,20,3,O.SDB,SRMDMG::RGC43645-2,43645,O. sativa,O. sativa,3,S,PHL,288,AV,ind3,ind3,4054963,Indica,9,21,9,3
2012-05-01 00:00:00,20,20,61,20,1,60,3,60,BB13,61,15,42,21,8,Indonesia,2002WS,5,2,6,7,163,3,13,3,2002-11-09 00:00:00,2002-11-11 00:00:00,2002-06-06 00:00:00,2005-09-07 00:00:00,3363859,1,5,8.6,2,1.9,128167,158,60,IRIS 313-10813,5,11,21,2,75,3,20,4,1,1.9,Y,60,IDN,2,1,3,27,A,1,5,5,10,52,2,1,20,3,O.SDB,SRMDMG::RGC43645-2,18800,O. sativa,O. sativa,3,S,PHL,288,AV,ind3,ind3,4054963,Indica,9,21,9,3
2012-05-01 00:00:00,20,10,61,20,1,60,3,60,BB14,60,12,36,18,6,Indonesia,2002WS,3,2,5,6,136,2,15,1,2002-11-09 00:00:00,2002-11-11 00:00:00,2002-06-06 00:00:00,2005-09-07 00:00:00,3363858,1,3,9.6,2.6,2.3,128163,115,60,IRIS 313-10814,5,11,25,2,64,4,20,4,1,2,Y,60,IDN,2,7,3,29,A,1,5,1,10,33,2,1,20,3,O.SDB,SBRS::RGC18816-2,18816,O. sativa,O. sativa,3,S,PHL,288,AV,ind3,ind3,4055172,Indica,8,18,7,3
2012-05-01 00:00:00,20,80,61,20,1,60,3,60,AH70,61,15,44,21,8,Indonesia,1994WS,1,2,5,4,136,3,15,1,1994-11-28 00:00:00,1994-11-30 00:00:00,1994-06-17 00:00:00,2005-09-07 00:00:00,3305084,1,1,7.5,3.1,1.7,128163,166,41,IRIS 313-8767,3,11,25,2,64,3,20,4,5,2,Y,60,IDN,2,3,3,29,A,5,5,5,10,33,2,1,20,3,O.SDB,SBRS::RGC18816-2,66643,O. sativa,O. sativa,3,S,PHL,288,AV,ind3,ind3,4055172,Indica,9,21,9,3
2012-05-01 00:00:00,20,10,61,20,5,63,3,60,BB15,60,12,36,18,6,Indonesia,1994WS,3,2,5,7,153,2,16,1,1994-11-28 00:00:00,1994-11-30 00:00:00,1994-06-17 00:00:00,2005-09-07 00:00:00,3363857,1,5,8.3,3.3,3.1,128163,120,60,IRIS 313-10815,3,11,18,2,70,4,20,4,1,1.9,Y,60,IDN,2,1,4,37,A,5,1,1,10,37,2,1,20,3,O.SDB,SBRS::RGC18816-2,18826,O. sativa,O. sativa,3,S,PHL,288,AV,trop,trop1,4055172,Japonica,8,18,7,3
2012-05-01 00:00:00,20,10,61,20,5,63,3,60,BB16,60,12,36,18,6,Indonesia,1994WS,3,1,4,7,155,2,15,7,1994-11-28 00:00:00,1994-11-30 00:00:00,1994-06-17 00:00:00,2005-09-07 00:00:00,3363856,1,5,8.5,3.6,2.8,128164,120,60,IRIS 313-10816,3,11,19,2,57,3,20,4,1,2,Y,60,IDN,2,1,4,36,A,5,5,1,10,38,2,1,20,3,O.SDB,SDGRGMDL::RGC18829-2,18829,O. sativa,O. sativa,3,S,PHL,288,AV,trop,trop1,4055170,Japonica,8,18,7,3
2010-11-01 00:00:00,20,20,61,20,5,63,3,60,AK14,61,14,42,20,8,Indonesia,1994WS,3,1,4,3,82,1,7,3,1994-11-28 00:00:00,1994-11-30 00:00:00,1994-06-17 00:00:00,2005-09-07 00:00:00,3304160,1,5,9.7,2.6,2.3,126311,114,41,IRIS 313-9691,7,11,10,2,50,3,42,4,5,1.7,Y,60,IDN,2,3,3,23,A,1,9,5,10,30,2,1,20,3,O.SDB,SFRS::RGC66644-1,66644,O. sativa,O. sativa,3,S,PHL,288,AV,trop,trop1,3058947,Japonica,9,21,9,3
2010-11-01 00:00:00,80,100,61,20,5,60,3,60,AK60,61,15,44,21,8,Indonesia,1994WS,1,2,4,3,82,2,7,1,1994-11-24 00:00:00,1994-11-26 00:00:00,1994-06-17 00:00:00,2005-09-07 00:00:00,3304853,1,3,7.5,2.6,1.6,126311,162,84,IRIS 313-8998,1,11,10,2,50,3,20,2,3,1.7,Y,60,IDN,2,1,3,23,A,5,5,5,10,30,2,1,20,3,O.SDB,SFRS::RGC66644-1,66645,O. sativa,O. sativa,3,S,PHL,288,AV,trop,trop1,3058947,Intermediate type,9,21,9,3
2010-11-01 00:00:00,80,10,61,20,5,60,3,60,BC45,60,12,36,18,6,Indonesia,1994WS,3,2,5,6,149,2,12,9,1994-11-24 00:00:00,1994-11-26 00:00:00,1994-06-17 00:00:00,2005-09-07 00:00:00,3363734,1,5,8.1,2.7,2.3,126311,143,60,IRIS 313-10938,1,11,25,2,73,4,20,2,1,1.6,Y,60,IDN,2,1,3,30,A,5,5,5,10,19,1,1,20,3,O.SDB,SFRS::RGC66644-1,24642,O. sativa,O. sativa,3,S,PHL,288,AV,ind3,ind3,3058947,Indica,8,18,7,3
2012-05-01 00:00:00,80,10,61,20,5,60,3,84,AZ76,60,12,36,18,6,Indonesia,1994WS,1,2,5,5,130,2,11,1,1994-11-24 00:00:00,1994-11-26 00:00:00,1994-06-17 00:00:00,2005-09-07 00:00:00,3363983,1,7,8.2,3.4,3.4,128165,112,80,IRIS 313-10689,1,11,20,2,59,3,20,2,1,2.2,Y,60,IDN,2,1,4,34,A,5,1,1,10,35,2,1,20,3,O.SDB,SCFBD::RGC13514-2,13514,O. sativa,O. sativa,3,S,PHL,288,AV,trop,trop1,4055209,Japonica,8,18,7,3
2009-11-01 00:00:00,80,10,61,20,5,60,3,60,AH81,60,12,36,18,6,Indonesia,1994WS,3,2,5,7,167,2,14,9,1994-11-24 00:00:00,1994-11-26 00:00:00,1994-06-17 00:00:00,2005-09-07 00:00:00,3305018,1,3,8.2,3,2.6,126142,143,60,IRIS 313-8833,1,11,20,2,71,4,20,2,1,1.5,Y,60,IDN,2,7,3,26,A,5,5,1,10,24,1,1,20,3,O.SDB,SMD2::RGC25734-1,25734,O. sativa,O. sativa,3,S,PHL,288,AV,ind3,ind3,3059718,Indica,8,18,7,3
2011-05-01 00:00:00,80,80,80,20,5,60,3,80,BC48,80,12,36,18,6,Indonesia,1994WS,3,2,5,7,153,2,12,9,1994-11-24 00:00:00,1994-11-26 00:00:00,1994-06-17 00:00:00,2005-09-07 00:00:00,3363731,1,5,9.9,2.9,2,127809,108,60,IRIS 313-10941,1,80,15,2,56,3,20,2,1,2.1,Y,60,IDN,2,1,4,33,A,5,5,9,10,21,1,1,20,3,O.SDB,SMD::RGC24687-1,24687,O. sativa,O. sativa,3,S,PHL,288,AV,ind3,indx,4056272,Indica,8,18,7,3
2011-05-01 00:00:00,80,80,61,40,1,63,3,60,BA37,60,12,36,18,6,Indonesia,1994WS,3,1,4,5,129,2,13,1,1994-11-24 00:00:00,1994-11-26 00:00:00,1994-06-17 00:00:00,2005-09-07 00:00:00,3363928,1,5,6.9,3.2,2.3,127811,115,60,IRIS 313-10744,1,11,19,2,54,3,20,2,1,1.5,Y,60,IDN,2,1,3,30,A,5,1,1,10,36,2,1,20,5,O.SDB,SFM::RGC16570-1,16570,O. sativa,O. sativa,3,S,PHL,288,AV,trop,trop1,4056363,Japonica,8,18,7,3
2012-05-01 00:00:00,80,80,80,80,1,85,3,84,BF8,80,14,42,20,8,Indonesia,1994WS,5,2,5,7,153,2,18,7,1994-11-24 00:00:00,1994-11-26 00:00:00,1994-06-17 00:00:00,2005-09-07 00:00:00,3363492,2,5,11.4,2.8,2.7,128166,150,84,IRIS 313-11180,5,80,21,2,53,3,80,2,3,1.1,Y,60,IDN,2,3,3,25,A,1,3,5,80,47,2,1,80,3,O.SDB,SFLCRMG::RGC35488-2,35488,O. sativa,O. sativa,3,S,PHL,288,AV,ind3,ind3,4055041,Indica,9,21,9,3
2009-11-01 00:00:00,80,80,80,80,1,60,3,84,AE80,80,12,36,18,6,Indonesia,1994WS,1,2,5,5,111,2,13,7,1994-11-24 00:00:00,1994-11-26 00:00:00,1994-06-17 00:00:00,2005-09-07 00:00:00,3304531,1,3,8.9,3.3,2.8,125901,95,80,IRIS 313-9320,5,80,26,2,61,4,80,2,1,1.3,Y,60,IDN,2,1,3,25,A,1,5,5,80,21,1,1,80,3,O.SDB,SFLDMFMDC::RGC20154-1,20154,O. sativa,O. sativa,5,S,PHL,288,AV,ind3,ind3,3059284,Indica,8,18,7,3
2009-11-01 00:00:00,80,80,61,80,1,60,3,60,BC51,60,12,36,18,6,Indonesia,1994WS,3,2,5,7,152,2,12,9,1994-11-24 00:00:00,1994-11-26 00:00:00,1994-06-17 00:00:00,2005-09-07 00:00:00,3363728,1,3,8.8,3.1,1.9,132269,134,60,IRIS 313-10944,5,11,28,2,67,4,54,2,1,1.5,Y,60,IDN,2,7,3,28,A,1,5,9,10,26,1,1,20,5,O.SDB,SFLDMFMDC::RGC20154-1,24824,O. sativa,O. sativa,3,S,PHL,288,AV,ind3,ind3,3059284,Indica,8,18,7,3
2011-05-01 00:00:00,80,10,61,80,1,63,3,60,BC66,60,12,36,18,6,Indonesia,1994WS,3,2,5,5,130,2,10,1,1994-11-24 00:00:00,1994-11-26 00:00:00,1994-06-17 00:00:00,2005-09-07 00:00:00,3363713,1,5,8.9,3.1,2.8,128473,79,60,IRIS 313-10959,5,11,16,2,64,4,53,2,1,1.8,Y,60,IDN,2,1,3,24,A,1,5,5,10,22,1,1,20,3,O.SDB,SDBDB::RGC25798-1,25798,O. sativa,O. sativa,3,S,PHL,288,AV,trop,trop1,4056260,Tropical japonica,8,18,7,3
2011-05-01 00:00:00,80,10,61,80,1,60,3,60,BC47,60,12,36,18,6,Indonesia,1994WS,3,2,5,6,137,2,13,7,1994-11-24 00:00:00,1994-11-26 00:00:00,1994-06-17 00:00:00,2005-09-07 00:00:00,3363732,1,3,8.3,3.2,2.8,127814,115,60,IRIS 313-10940,5,11,19,2,69,4,20,2,1,1.4,Y,60,IDN,2,9,3,27,A,1,5,5,10,19,1,1,20,3,O.SDB,SDMDMG::RGC24681-1,24681,O. sativa,O. sativa,3,S,PHL,288,AV,ind3,ind3,4056273,Indica,8,18,7,3
2011-05-01 00:00:00,80,70,61,80,1,63,3,60,AB65,61,14,42,20,8,Indonesia,1994WS,3,1,4,2,63,2,12,3,1994-11-24 00:00:00,1994-11-26 00:00:00,1994-06-17 00:00:00,2005-09-07 00:00:00,3305187,1,5,7.4,3.2,1.9,127814,145,41,IRIS 313-8664,1,11,11,2,46,3,42,3,5,1.4,Y,60,IDN,2,1,3,23,A,1,8,5,10,30,2,1,20,3,O.SDB,SDMDMG::RGC24681-1,66669,O. sativa,O. sativa,3,S,PHL,288,AV,trop,trop1,4056273,Basmati/sadri,9,21,9,3
2011-05-01 00:00:00,80,20,61,80,1,60,3,60,AN81,61,14,42,20,8,Indonesia,1994WS,1,2,5,5,124,3,23,1,1994-11-24 00:00:00,1994-11-26 00:00:00,1994-06-17 00:00:00,2005-09-07 00:00:00,3363172,1,5,9.9,2.9,2.8,127816,104,60,IRIS 313-11500,7,11,16,2,60,3,20,4,1,1.3,Y,60,IDN,2,1,3,23,A,1,3,5,10,39,2,1,20,3,O.SDB,SC::RGC54356-1,54356,O. sativa,O. sativa,1,S,PHL,288,AV,indx,ind2,4056022,Indica,9,21,9,3
2011-05-01 00:00:00,80,10,61,20,5,63,3,60,BB17,60,12,36,18,6,Indonesia,1994WS,3,2,5,7,154,2,12,1,1994-11-24 00:00:00,1994-11-26 00:00:00,1994-06-17 00:00:00,2005-09-07 00:00:00,3363855,1,5,8.5,3.3,2.7,127816,99,60,IRIS 313-10817,7,11,26,2,79,4,54,4,1,2,Y,60,IDN,2,1,3,30,A,1,1,1,10,40,2,1,20,3,O.SDB,SC::RGC54356-1,18900,O. sativa,O. sativa,3,S,PHL,288,AV,trop,trop1,4056022,Japonica,8,18,7,3
2011-05-01 00:00:00,80,10,61,20,5,63,3,60,BA38,60,12,36,18,6,Indonesia,1994WS,3,2,5,6,138,2,12,1,1994-11-24 00:00:00,1994-11-26 00:00:00,1994-06-17 00:00:00,2005-09-07 00:00:00,3363927,1,5,8.7,3.3,2.6,127818,95,60,IRIS 313-10745,7,11,13,2,59,3,20,4,1,2,Y,60,IDN,2,1,4,32,A,1,1,1,10,41,2,1,20,3,O.SDB,SLBC::RGC16571-1,16571,O. sativa,O. sativa,3,S,PHL,288,AV,trop,trop1,4056362,Japonica,8,18,7,3
2011-05-01 00:00:00,80,80,61,40,1,60,3,60,AY3,60,12,35,17,6,Indonesia,1994WS,1,2,5,5,122,2,15,1,1994-11-24 00:00:00,1994-11-26 00:00:00,1994-06-17 00:00:00,2005-09-07 00:00:00,3364150,1,5,8.2,3.3,2.1,127818,105,60,IRIS 313-10522,7,11,23,2,59,3,20,4,1,1.7,Y,60,IDN,2,1,3,30,A,1,1,9,10,20,1,1,20,5,O.SDB,SLBC::RGC16571-1,6065,O. sativa,O. sativa,3,S,PHL,288,AV,admx,admix,4056362,Intermediate type,8,18,7,3
2011-05-01 00:00:00,80,80,61,40,5,63,3,60,AK62,60,12,36,18,6,Indonesia,1994WS,7,2,5,5,128,2,11,1,1994-11-24 00:00:00,1994-11-26 00:00:00,1994-06-17 00:00:00,2005-09-07 00:00:00,3304609,1,5,8.7,3.5,2.8,127818,106,60,IRIS 313-9242,7,11,21,2,69,4,20,4,1,2.2,Y,60,IDN,2,1,4,35,A,1,1,1,10,41,2,1,20,3,O.SDB,SLBC::RGC16571-1,18936,O. sativa,O. sativa,3,S,PHL,288,AV,admx,admix,4056362,Tropical japonica,8,18,7,3
2011-05-01 00:00:00,80,10,61,20,1,63,3,60,AS22,61,14,42,20,8,Indonesia,1994WS,3,2,6,6,140,2,18,3,1994-11-24 00:00:00,1994-11-26 00:00:00,1994-06-17 00:00:00,2005-09-07 00:00:00,3362768,1,5,9.4,2.9,2.5,127818,107,41,IRIS 313-11906,1,11,16,2,76,4,42,5,5,1.6,Y,60,IDN,2,7,3,26,A,1,3,5,10,44,2,1,20,3,O.SDB,SLBC::RGC16571-1,73862,O. sativa,O. sativa,3,S,PHL,288,AV,trop,trop1,4056362,Tropical japonica,9,21,9,3
2011-05-01 00:00:00,80,10,61,20,1,60,3,60,BD25,60,12,36,18,6,Indonesia,1994WS,3,1,4,4,100,2,15,7,1994-11-24 00:00:00,1994-11-26 00:00:00,1994-06-17 00:00:00,2005-09-07 00:00:00,3363661,1,5,8.6,3,2.4,127830,80,60,IRIS 313-11011,1,11,17,2,51,3,20,5,1,1.3,Y,60,IDN,2,7,3,25,A,1,9,5,10,26,1,1,20,3,O.SDB,SMR::RGC27470-1,27470,O. sativa,O. sativa,3,S,PHL,288,AV,indx,indx,4056234,Indica,8,18,7,3
2011-05-01 00:00:00,80,10,61,20,1,63,3,60,BC67,60,12,36,18,6,Indonesia,1994WS,1,2,5,6,144,2,10,9,1994-11-24 00:00:00,1994-11-26 00:00:00,1994-06-17 00:00:00,2005-09-07 00:00:00,3363712,1,5,8.9,2.7,2.3,132042,103,60,IRIS 313-10960,1,11,24,2,71,4,20,5,1,2,Y,60,IDN,2,1,3,30,A,1,5,5,10,18,1,1,20,3,O.SDB,SMR::RGC27470-1,25812,O. sativa,O. sativa,3,S,PHL,288,AV,trop,trop1,4056234,Tropical japonica,8,18,7,3
2012-05-01 00:00:00,80,20,61,20,1,63,3,60,BF9,61,14,42,20,8,Indonesia,1994WS,3,2,5,7,161,2,12,5,1994-11-24 00:00:00,1994-11-26 00:00:00,1994-06-17 00:00:00,2005-09-07 00:00:00,3363491,1,5,9.2,3,2.5,128179,157,60,IRIS 313-11181,3,11,21,2,76,4,42,4,1,1.8,Y,60,IDN,2,1,2,20,A,3,5,5,10,66,3,1,20,3,O.SDB,TMBFRC::RGC35534-2,35534,O. sativa,O. sativa,1,S,PHL,288,AV,ind3,ind3,4055040,Indica,9,21,9,3
2012-05-01 00:00:00,80,20,61,20,9,60,3,60,BH39,61,14,42,20,8,Indonesia,1994WS,1,1,4,5,119,2,19,3,1994-11-24 00:00:00,1994-11-26 00:00:00,1994-06-17 00:00:00,2005-09-07 00:00:00,3363275,1,3,8.6,3.5,2.9,132044,119,60,IRIS 313-11397,3,11,20,2,70,4,42,2,1,1.7,Y,60,IDN,2,5,3,29,A,1,1,5,10,25,1,1,20,3,O.SDB,TMBFRC::RGC35534-2,48932,O. sativa,O. sativa,3,S,PHL,288,AV,trop,trop1,4055040,Tropical japonica,9,21,9,3
2012-05-01 00:00:00,80,10,61,20,9,60,3,60,BC68,60,12,36,18,6,Indonesia,1994WS,3,2,5,7,153,2,10,9,1994-11-24 00:00:00,1994-11-26 00:00:00,1994-06-17 00:00:00,2005-09-07 00:00:00,3363711,1,5,9.3,2.6,2.9,132044,134,60,IRIS 313-10961,3,11,21,2,71,4,20,2,1,1.8,Y,60,IDN,2,1,3,28,A,1,5,1,10,16,1,1,20,3,O.SDB,TMBFRC::RGC35534-2,25821,O. sativa,O. sativa,3,S,PHL,288,AV,ind3,ind3,4055040,Indica,8,18,7,3
2011-05-01 00:00:00,80,80,61,20,9,63,3,60,BC56,60,12,36,18,6,Indonesia,1994WS,3,2,5,6,139,2,11,1,1994-11-24 00:00:00,1994-11-26 00:00:00,1994-06-17 00:00:00,2005-09-07 00:00:00,3363723,1,3,7.7,3.7,2.9,127851,93,60,IRIS 313-10949,3,11,17,2,68,4,20,2,1,2.2,Y,60,IDN,2,1,3,26,A,1,5,5,10,19,1,1,20,3,O.SDB,TCLC::RGC25154-1,25154,O. sativa,O. sativa,3,S,PHL,288,AV,trop,trop1,4056268,Tropical japonica,8,18,7,3
2011-05-01 00:00:00,80,80,61,20,9,60,3,60,BD26,60,12,36,18,6,Indonesia,1994WS,3,1,4,4,108,2,14,7,1994-11-24 00:00:00,1994-11-26 00:00:00,1994-06-17 00:00:00,2005-09-07 00:00:00,3363660,1,5,8.2,2.9,2.2,132046,117,60,IRIS 313-11012,3,11,14,2,59,3,20,2,1,1.9,Y,60,IDN,2,1,3,25,A,1,9,5,10,30,2,1,20,3,O.SDB,TCLC::RGC25154-1,27478,O. sativa,O. sativa,5,S,PHL,288,AV,admx,admix,4056268,Intermediate type,8,18,7,3
2012-05-01 00:00:00,80,10,61,20,1,60,3,60,BC69,60,12,36,18,6,Indonesia,1994WS,3,2,5,6,143,2,12,9,1994-11-24 00:00:00,1994-11-26 00:00:00,1994-06-17 00:00:00,2005-09-07 00:00:00,3363710,1,5,8.8,2.4,2.3,128182,134,60,IRIS 313-10962,3,11,22,2,64,4,54,2,1,1.8,Y,60,IDN,2,1,3,28,A,1,5,5,10,15,1,1,20,3,O.SDB,TRMGDM::RGC25823-2,25823,O. sativa,O. sativa,3,S,PHL,288,AV,ind3,ind3,4055124,Indica,8,18,7,3
2011-05-01 00:00:00,80,10,61,20,1,63,3,60,AS23,61,14,42,20,8,Indonesia,1994WS,3,2,7,6,146,1,7,3,1994-11-24 00:00:00,1994-11-26 00:00:00,1994-06-17 00:00:00,2005-09-07 00:00:00,3362767,1,7,8.9,4.1,2.3,128486,99,84,IRIS 313-11907,3,11,13,2,74,4,42,3,7,2.4,Y,60,IDN,2,1,3,27,A,1,5,5,70,48,2,1,20,3,O.SDB,TMR::RGC73874-1,73874,O. sativa,O. sativa,5,S,PHL,288,AV,trop,trop1,4055649,Tropical japonica,9,21,9,3
2011-05-01 00:00:00,80,10,61,20,1,60,3,60,BB21,60,12,36,18,6,Indonesia,1994WS,3,2,5,7,151,2,15,7,1994-11-24 00:00:00,1994-11-26 00:00:00,1994-06-17 00:00:00,2005-09-07 00:00:00,3363851,1,5,8.4,3,2.3,127862,106,60,IRIS 313-10821,3,11,18,2,72,4,53,3,1,1.9,Y,60,IDN,2,1,3,26,A,1,5,1,10,44,2,1,20,3,O.SDB,TGFRC::RGC19141-1,19141,O. sativa,O. sativa,3,S,PHL,288,AV,ind3,ind3,4056335,Indica,8,18,7,3
2011-05-01 00:00:00,80,10,61,20,1,60,3,60,BA39,60,12,36,18,6,Indonesia,1994WS,3,2,5,6,131,2,12,1,1994-11-24 00:00:00,1994-11-26 00:00:00,1994-06-17 00:00:00,2005-09-07 00:00:00,3363926,1,3,8.8,3.7,3.3,127862,115,60,IRIS 313-10746,3,11,17,2,71,4,54,3,1,1.6,Y,60,IDN,2,1,4,33,A,1,1,1,10,41,2,1,20,5,O.SDB,TGFRC::RGC19141-1,16603,O. sativa,O. sativa,3,S,PHL,288,AV,trop,trop1,4056335,Japonica,8,18,7,3
2012-05-01 00:00:00,80,10,61,20,1,60,3,60,BB18,60,12,36,18,6,Indonesia,1994WS,3,2,5,7,164,2,16,9,1994-11-24 00:00:00,1994-11-26 00:00:00,1994-06-17 00:00:00,2005-09-07 00:00:00,3363854,1,5,7.9,2.7,1.9,128188,106,60,IRIS 313-10818,3,11,18,2,69,4,20,3,1,1.6,Y,60,IDN,2,1,3,29,A,1,5,1,10,41,2,1,20,3,O.SDB,TGMFMDCMDMG::RGC19055-2,19055,O. sativa,O. sativa,3,S,PHL,288,AV,ind3,ind3,4055169,Indica,8,18,7,3
2011-05-01 00:00:00,80,10,61,20,1,60,3,60,BB19,60,12,36,18,6,Indonesia,1994WS,3,2,5,7,165,2,16,7,1994-11-24 00:00:00,1994-11-26 00:00:00,1994-06-17 00:00:00,2005-09-07 00:00:00,3363853,1,5,7.6,3,2.3,127860,99,60,IRIS 313-10819,3,11,19,2,66,4,53,3,1,2.2,Y,60,IDN,2,1,3,30,A,1,5,1,70,37,2,1,20,3,O.SDB,TGRMR::RGC19103-1,19103,O. sativa,O. sativa,3,S,PHL,288,AV,ind3,ind3,4056336,Indica,8,18,7,3
2012-05-01 00:00:00,80,80,61,20,1,85,3,84,BB20,60,12,36,18,6,Indonesia,1994WS,7,2,5,7,181,2,15,7,1994-11-24 00:00:00,1994-11-26 00:00:00,1994-06-17 00:00:00,2005-09-07 00:00:00,3363852,1,3,8.5,3.1,2.6,128189,106,60,IRIS 313-10820,3,80,24,2,56,3,91,3,1,1.8,Y,60,IDN,2,1,3,29,A,1,5,1,10,39,2,1,80,3,O.SDB,TGRMG::RGC19116-2,19116,O. sativa,O. sativa,3,S,PHL,288,AV,ind3,ind3,4055168,Indica,8,18,7,3
2012-05-01 00:00:00,80,10,61,20,1,61,3,60,AH87,60,12,36,18,6,Indonesia,1994WS,3,2,5,6,150,2,13,9,1994-11-24 00:00:00,1994-11-26 00:00:00,1994-06-17 00:00:00,2005-09-07 00:00:00,3304846,1,5,10,2.8,2.8,132376,115,60,IRIS 313-9005,3,11,24,2,63,4,20,3,1,1.5,Y,60,IDN,2,1,3,27,A,1,5,1,70,42,2,1,20,3,O.SDB,TGRMG::RGC19116-2,16650,O. sativa,O. sativa,3,S,PHL,288,AV,ind3,ind3,4055168,Indica,8,18,7,3
2012-05-01 00:00:00,80,80,62,20,1,60,3,60,BA40,61,12,36,18,6,Indonesia,2010WS,3,2,7.6,6,99,2,6,7,2010-09-29 00:00:00,2010-10-04 00:00:00,2010-06-17 00:00:00,2014-07-15 15:34:47.023748,3363925,1,7,9.2,3.3,2.7,132376,106,60,IRIS 313-10747,5,62,16,3,62.6,4,54,4,7,1.6,Y,60,IDN,4,9,3,26.9,A,1,3,3,70,45,2,1,80,3,O.SDB,TGRMG::RGC19116-2,16653,O. sativa,O. sativa,4,S,PHL,288,AV,trop,trop1,4055168,Tropical japonica,8,18,7,3
2012-05-01 00:00:00,20,20,61,20,1,60,3,60,BH40,61,15,44,21,8,Indonesia,1994WS,1,2,7.6,4,99,3,6,3,1994-11-14 00:00:00,1994-11-17 00:00:00,1994-06-17 00:00:00,2014-07-15 15:34:47.023748,3363274,1,3,8.9,2.5,1.9,128190,153,41,IRIS 313-11398,5,11,16,2,62.6,4,42,4,3,1.6,Y,60,IDN,2,1,3,26.9,A,5,9,5,10,45,2,1,20,3,O.SDB,TDL::RGC48942-2,48942,O. sativa,O. sativa,3,S,PHL,288,AV,ind3,ind3,4054917,Indica,9,21,9,3
2012-05-01 00:00:00,20,20,61,20,1,60,3,60,BG53,61,14,42,20,8,Indonesia,1994WS,3,2,5,6,133,2,12,3,1994-11-14 00:00:00,1994-11-17 00:00:00,1994-06-17 00:00:00,2014-07-15 15:34:47.023748,3363354,1,7,10.4,3,3.1,128195,106,60,IRIS 313-11318,3,11,19,2,67,4,20,4,1,1.9,Y,60,IDN,2,1,2,20,A,1,1,5,10,47,2,1,20,3,O.SDB,TB::RGC43677-2,43677,O. sativa,O. sativa,5,S,PHL,288,AV,ind3,ind3,4054962,Indica,9,21,9,3
2010-05-01 00:00:00,20,20,61,20,1,60,3,60,AI08,61,14,43,21,8,Indonesia,1990WS,1,2,5.7,4,105,2,13,1,1990-11-12 00:00:00,1990-11-16 00:00:00,1990-06-13 00:00:00,2014-07-15 15:34:47.023748,3304663,1,5,7.6,2.7,2.3,126288,157,60,IRIS 313-9188,2,11,23,2,74,4,20,4,1,1.9,Y,60,IDN,2,1,3,24,A,1,9,5,10,34,2,1,20,1,O.SDB,TMB::RGC66681-1,66681,O. sativa,O. sativa,7,S,PHL,288,AV,ind3,ind3,3059404,Indica,9,22,10,3
2012-05-01 00:00:00,20,10,61,20,1,60,3,60,BB22,60,12,36,18,6,Indonesia,1990WS,7,2,5,7,163,2,14,9,1990-11-12 00:00:00,1990-11-16 00:00:00,1990-06-13 00:00:00,2014-07-15 15:34:47.023748,3363850,1,5,6.6,3.2,2,128199,120,60,IRIS 313-10822,2,11,16,2,73,4,54,4,1,2.3,Y,60,IDN,2,1,3,29,A,1,5,1,10,40,2,1,20,3,O.SDB,UMGS::RGC19176-2,19176,O. sativa,O. sativa,3,S,PHL,288,AV,ind3,ind3,4055167,Indica,8,18,7,3
2011-05-01 00:00:00,20,80,80,20,1,63,3,84,BB23,80,12,36,18,6,Indonesia,1990WS,3,2,5,7,152,2,14,9,1990-11-12 00:00:00,1990-11-16 00:00:00,1990-06-13 00:00:00,2014-07-15 15:34:47.023748,3363849,1,5,7.6,2.9,2.2,127880,99,60,IRIS 313-10823,2,11,19,2,62,4,20,4,1,1.5,Y,60,IDN,2,1,3,27,A,1,5,1,10,39,2,1,20,3,O.SDB,UDRDL::RGC19182-1,19182,O. sativa,O. sativa,3,S,PHL,288,AV,ind3,ind3,4056334,Indica,8,18,7,3
